Request Id,request_model_execution_time
0,5.096182303420468
1,5.096182303420468
2,5.096182303420468
3,5.096182303420468
4,5.096182303420468
5,5.096182303420468
6,5.096182303420468
7,5.096182303420468
8,5.096182303420468
9,5.096182303420468
10,5.096182303420468
11,5.096182303420468
12,5.096182303420468
13,5.096182303420468
14,5.096182303420468
15,5.096182303420468
16,5.096182303420468
17,5.096182303420468
18,5.096182303420468
19,5.096182303420468
20,5.096182303420468
21,5.096182303420468
22,5.096182303420468
23,5.096182303420468
24,5.096182303420468
25,5.096182303420468
26,5.096182303420468
27,5.096182303420468
28,5.096182303420468
29,5.096182303420468
30,5.096182303420468
31,5.096182303420468
32,5.096182303420468
33,5.096182303420468
34,5.096182303420468
35,5.096182303420468
36,5.096182303420468
37,5.096182303420468
38,5.096182303420468
39,5.096182303420468
40,5.096182303420468
41,5.096182303420468
42,5.096182303420468
43,5.096182303420468
44,5.096182303420468
45,5.096182303420468
46,5.096182303420468
47,5.096182303420468
48,5.096182303420468
49,5.096182303420468
50,5.096182303420468
51,5.096182303420468
52,5.096182303420468
53,5.096182303420468
54,5.096182303420468
55,5.096182303420468
56,5.096182303420468
57,5.096182303420468
58,5.096182303420468
59,5.096182303420468
60,5.096182303420468
61,5.096182303420468
62,5.096182303420468
63,5.096182303420468
64,5.096182303420468
65,5.096182303420468
66,5.096182303420468
67,5.096182303420468
68,5.096182303420468
69,5.096182303420468
70,5.096182303420468
71,5.096182303420468
72,5.096182303420468
73,5.096182303420468
74,5.096182303420468
75,5.096182303420468
76,5.096182303420468
77,5.096182303420468
78,5.096182303420468
79,5.096182303420468
80,5.096182303420468
81,5.096182303420468
82,5.096182303420468
83,5.096182303420468
84,5.096182303420468
85,5.096182303420468
86,5.096182303420468
87,5.096182303420468
88,5.096182303420468
89,5.096182303420468
90,5.096182303420468
91,5.096182303420468
92,5.096182303420468
93,5.096182303420468
94,5.096182303420468
95,5.096182303420468
96,5.096182303420468
97,5.096182303420468
98,5.096182303420468
99,5.096182303420468
100,5.096182303420468
101,5.096182303420468
102,5.096182303420468
103,5.096182303420468
104,5.096182303420468
105,5.096182303420468
106,5.096182303420468
107,5.096182303420468
108,5.096182303420468
109,5.096182303420468
110,5.096182303420468
111,5.096182303420468
112,5.096182303420468
113,5.096182303420468
114,5.096182303420468
115,5.096182303420468
116,5.096182303420468
117,5.096182303420468
118,5.096182303420468
119,5.096182303420468
120,5.096182303420468
121,5.096182303420468
122,5.096182303420468
123,5.096182303420468
124,5.096182303420468
125,5.096182303420468
126,5.096182303420468
127,5.096182303420468
128,5.096182303420468
129,5.096182303420468
130,5.096182303420468
131,5.096182303420468
132,5.096182303420468
133,5.096182303420468
134,5.096182303420468
135,5.096182303420468
136,5.096182303420468
137,5.096182303420468
138,5.096182303420468
139,5.096182303420468
140,5.096182303420468
141,5.096182303420468
142,5.096182303420468
143,5.096182303420468
144,5.096182303420468
145,5.096182303420468
146,5.096182303420468
147,5.096182303420468
148,5.096182303420468
149,5.096182303420468
150,5.096182303420468
151,5.096182303420468
152,5.096182303420468
153,5.096182303420468
154,5.096182303420468
155,5.096182303420468
156,5.096182303420468
157,5.096182303420468
158,5.096182303420468
159,5.096182303420468
160,5.096182303420468
161,5.096182303420468
162,5.096182303420468
163,5.096182303420468
164,5.096182303420468
165,5.096182303420468
166,5.096182303420468
167,5.096182303420468
168,5.096182303420468
169,5.096182303420468
170,5.096182303420468
171,5.096182303420468
172,5.096182303420468
173,5.096182303420468
174,5.096182303420468
175,5.096182303420468
176,5.096182303420468
177,5.096182303420468
178,5.096182303420468
179,5.096182303420468
180,5.096182303420468
181,5.096182303420468
182,5.096182303420468
183,5.096182303420468
184,5.096182303420468
185,5.096182303420468
186,5.096182303420468
187,5.096182303420468
188,5.096182303420468
189,5.096182303420468
190,5.096182303420468
191,5.096182303420468
