cdf,request_execution_time
0.0,66.30908971323261
0.01,66.30908971323261
0.02,66.30908971323261
0.03,66.30908971323261
0.04,66.30908971323261
0.05,66.30908971323261
0.06,66.30908971323261
0.07,66.30908971323261
0.08,66.30908971323261
0.09,66.30908971323261
0.1,66.30908971323261
0.11,66.30908971323261
0.12,66.30908971323261
0.13,66.30908971323261
0.14,66.30908971323261
0.15,66.30908971323261
0.16,66.30908971323261
0.17,66.30908971323261
0.18,66.30908971323261
0.19,66.30908971323261
0.2,66.30908971323261
0.21,66.30908971323261
0.22,66.30908971323261
0.23,66.30908971323261
0.24,66.30908971323261
0.25,66.30908971323261
0.26,66.30908971323261
0.27,66.30908971323261
0.28,66.30908971323261
0.29,66.30908971323261
0.3,66.30908971323261
0.31,66.30908971323261
0.32,66.30908971323261
0.33,66.30908971323261
0.34,66.30908971323261
0.35000000000000003,66.30908971323261
0.36,66.30908971323261
0.37,66.30908971323261
0.38,66.30908971323261
0.39,66.30908971323261
0.4,66.30908971323261
0.41000000000000003,66.30908971323261
0.42,66.30908971323261
0.43,66.30908971323261
0.44,66.30908971323261
0.45,66.30908971323261
0.46,66.30908971323261
0.47000000000000003,66.30908971323261
0.48,66.30908971323261
0.49,66.30908971323261
0.5,66.30908971323261
0.51,66.30908971323261
0.52,66.30908971323261
0.53,66.30908971323261
0.54,66.30908971323261
0.55,66.30908971323261
0.56,66.30908971323261
0.5700000000000001,66.30908971323261
0.58,66.30908971323261
0.59,66.30908971323261
0.6,66.30908971323261
0.61,66.30908971323261
0.62,66.30908971323261
0.63,66.30908971323261
0.64,66.30908971323261
0.65,66.30908971323261
0.66,66.30908971323261
0.67,66.30908971323261
0.68,66.30908971323261
0.6900000000000001,66.30908971323261
0.7000000000000001,66.30908971323261
0.71,66.30908971323261
0.72,66.30908971323261
0.73,66.30908971323261
0.74,66.30908971323261
0.75,66.30908971323261
0.76,66.30908971323261
0.77,66.30908971323261
0.78,66.30908971323261
0.79,66.30908971323261
0.8,66.30908971323261
0.81,66.30908971323261
0.8200000000000001,66.30908971323261
0.8300000000000001,66.30908971323261
0.84,66.30908971323261
0.85,66.30908971323261
0.86,66.30908971323261
0.87,66.30908971323261
0.88,66.30908971323261
0.89,66.30908971323261
0.9,66.30908971323261
0.91,66.30908971323261
0.92,66.30908971323261
0.93,66.30908971323261
0.9400000000000001,66.30908971323261
0.9500000000000001,66.30908971323261
0.96,66.30908971323261
0.97,66.30908971323261
0.98,66.30908971323261
0.99,66.30908971323261
1.0,66.30908971323261
