cdf,prefill_e2e_time_normalized
0.0,0.00012200262079802577
0.01,0.00012269120752073524
0.02,0.00012337979424344468
0.03,0.00012406838096615415
0.04,0.0001247569676888636
0.05,0.00012544555441157306
0.06,0.00012613414113428253
0.07,0.00012682272785699198
0.08,0.00012751131457970145
0.09,0.0001281999013024109
0.1,0.00012888848802512036
0.11,0.00012957707474782983
0.12,0.00013026566147053927
0.13,0.00013095424819324874
0.14,0.0001316428349159582
0.15,0.00013233142163866766
0.16,0.00013302000836137713
0.17,0.00013370859508408657
0.18,0.00013439718180679604
0.19,0.0001350857685295055
0.2,0.00013577435525221495
0.21,0.00013646294197492442
0.22,0.00013715152869763387
0.23,0.00013784011542034334
0.24,0.0001385287021430528
0.25,0.00013921728886576225
0.26,0.00013990587558847172
0.27,0.00014059446231118116
0.28,0.00014128304903389063
0.29,0.0001419716357566001
0.3,0.00014266022247930954
0.31,0.00014334880920201901
0.32,0.00014403739592472846
0.33,0.00014472598264743793
0.34,0.0001454145693701474
0.35000000000000003,0.00014610315609285684
0.36,0.0001467917428155663
0.37,0.00014748032953827575
0.38,0.00014816891626098522
0.39,0.0001488575029836947
0.4,0.00014954608970640416
0.41000000000000003,0.0001502346764291136
0.42,0.00015092326315182308
0.43,0.00015161184987453252
0.44,0.000152300436597242
0.45,0.00015298902331995146
0.46,0.0001536776100426609
0.47000000000000003,0.00015436619676537035
0.48,0.00015505478348807982
0.49,0.0001557433702107893
0.5,0.00015643195693349876
0.51,0.0001571205436562082
0.52,0.00015780913037891767
0.53,0.0001584977171016271
0.54,0.00015918630382433658
0.55,0.00015987489054704605
0.56,0.0001605634772697555
0.5700000000000001,0.00016125206399246497
0.58,0.0001619406507151744
0.59,0.00016262923743788388
0.6,0.00016331782416059335
0.61,0.0001640064108833028
0.62,0.00016469499760601226
0.63,0.0001653835843287217
0.64,0.00016607217105143118
0.65,0.00016676075777414065
0.66,0.0001674493444968501
0.67,0.00016813793121955956
0.68,0.00016882651794226903
0.6900000000000001,0.00016951510466497847
0.7000000000000001,0.00017020369138768794
0.71,0.00017089227811039739
0.72,0.00017158086483310686
0.73,0.0001722694515558163
0.74,0.00017295803827852577
0.75,0.00017364662500123524
0.76,0.00017433521172394468
0.77,0.00017502379844665415
0.78,0.00017571238516936362
0.79,0.00017640097189207306
0.8,0.00017708955861478253
0.81,0.000177778145337492
0.8200000000000001,0.00017846673206020145
0.8300000000000001,0.0001791553187829109
0.84,0.00017984390550562036
0.85,0.00018053249222832983
0.86,0.00018122107895103927
0.87,0.00018190966567374874
0.88,0.00018259825239645821
0.89,0.00018328683911916766
0.9,0.00018397542584187713
0.91,0.0001846640125645866
0.92,0.00018535259928729604
0.93,0.0001860411860100055
0.9400000000000001,0.00018672977273271495
0.9500000000000001,0.00018741835945542442
0.96,0.00018810694617813387
0.97,0.00018879553290084334
0.98,0.0001894841196235528
0.99,0.00019017270634626225
1.0,0.00019086129306897172
