cdf,request_model_execution_time
0.0,2.1091126929632606
0.01,2.2547057264056716
0.02,2.4002987598480825
0.03,2.5458917932904934
0.04,2.6914848267329043
0.05,2.837077860175315
0.06,2.9826708936177257
0.07,3.1282639270601367
0.08,3.2738569605025476
0.09,3.4194499939449585
0.1,3.5650430273873694
0.11,3.7106360608297804
0.12,3.856229094272191
0.13,4.001822127714602
0.14,4.147415161157014
0.15,4.293008194599423
0.16,4.4386012280418345
0.17,4.584194261484246
0.18,4.729787294926656
0.19,4.875380328369067
0.2,5.020973361811478
0.21,5.166566395253889
0.22,5.312159428696299
0.23,5.457752462138711
0.24,5.603345495581122
0.25,5.748938529023532
0.26,5.894531562465943
0.27,6.040124595908354
0.28,6.185717629350766
0.29,6.331310662793175
0.3,6.476903696235587
0.31,6.622496729677998
0.32,6.768089763120408
0.33,6.91368279656282
0.34,7.05927583000523
0.35000000000000003,7.204868863447641
0.36,7.350461896890052
0.37,7.496054930332463
0.38,7.641647963774874
0.39,7.7872409972172845
0.4,7.932834030659696
0.41000000000000003,8.078427064102106
0.42,8.224020097544518
0.43,8.369613130986927
0.44,8.515206164429339
0.45,8.66079919787175
0.46,8.806392231314161
0.47000000000000003,8.951985264756571
0.48,9.097578298198982
0.49,9.243171331641392
0.5,9.388764365083805
0.51,9.534357398526216
0.52,9.679950431968628
0.53,9.825543465411037
0.54,9.971136498853449
0.55,10.11672953229586
0.56,10.262322565738272
0.5700000000000001,10.407915599180683
0.58,10.553508632623092
0.59,10.699101666065502
0.6,10.844694699507913
0.61,10.990287732950325
0.62,11.135880766392734
0.63,11.281473799835148
0.64,11.427066833277557
0.65,11.572659866719968
0.66,11.71825290016238
0.67,11.86384593360479
0.68,12.009438967047203
0.6900000000000001,12.15503200048961
0.7000000000000001,12.300625033932022
0.71,12.446218067374433
0.72,12.591811100816845
0.73,12.737404134259254
0.74,12.882997167701665
0.75,13.028590201144077
0.76,13.174183234586488
0.77,13.3197762680289
0.78,13.46536930147131
0.79,13.61096233491372
0.8,13.756555368356132
0.81,13.902148401798543
0.8200000000000001,14.047741435240953
0.8300000000000001,14.193334468683364
0.84,14.338927502125774
0.85,14.484520535568185
0.86,14.630113569010597
0.87,14.775706602453008
0.88,14.921299635895418
0.89,15.066892669337829
0.9,15.21248570278024
0.91,15.358078736222652
0.92,15.503671769665063
0.93,15.649264803107473
0.9400000000000001,15.794857836549882
0.9500000000000001,15.940450869992294
0.96,16.086043903434703
0.97,16.231636936877116
0.98,16.377229970319526
0.99,16.52282300376194
1.0,16.66841603720435
