Request Id,request_e2e_time_normalized
0,0.034400727635232616
1,0.034400727635232616
2,0.034400727635232616
3,0.034400727635232616
4,0.034400727635232616
5,0.034400727635232616
6,0.034400727635232616
7,0.034400727635232616
8,0.034400727635232616
9,0.034400727635232616
10,0.034400727635232616
11,0.034400727635232616
12,0.034400727635232616
13,0.034400727635232616
14,0.034400727635232616
15,0.034400727635232616
16,0.034400727635232616
17,0.034400727635232616
18,0.034400727635232616
19,0.034400727635232616
20,0.034400727635232616
21,0.034400727635232616
22,0.034400727635232616
23,0.034400727635232616
24,0.034400727635232616
25,0.034400727635232616
26,0.034400727635232616
27,0.034400727635232616
28,0.034400727635232616
29,0.034400727635232616
30,0.034400727635232616
31,0.034400727635232616
