Request Id,prefill_e2e_time_normalized
0,0.011959644086163465
1,0.011959644086163465
2,0.011959644086163465
3,0.011959644086163465
4,0.011959644086163465
5,0.011959644086163465
6,0.011959644086163465
7,0.011959644086163465
8,0.011959644086163465
9,0.011959644086163465
10,0.011959644086163465
11,0.011959644086163465
12,0.011959644086163465
13,0.011959644086163465
14,0.011959644086163465
15,0.011959644086163465
16,0.011959644086163465
17,0.011959644086163465
18,0.011959644086163465
19,0.011959644086163465
20,0.011959644086163465
21,0.011959644086163465
22,0.011959644086163465
23,0.011959644086163465
24,0.011959644086163465
25,0.011959644086163465
26,0.011959644086163465
27,0.011959644086163465
28,0.011959644086163465
29,0.011959644086163465
30,0.011959644086163465
31,0.011959644086163465
32,0.011959644086163465
33,0.011959644086163465
34,0.011959644086163465
35,0.011959644086163465
36,0.011959644086163465
37,0.011959644086163465
38,0.011959644086163465
39,0.011959644086163465
40,0.011959644086163465
41,0.011959644086163465
42,0.011959644086163465
43,0.011959644086163465
44,0.011959644086163465
45,0.011959644086163465
46,0.011959644086163465
47,0.011959644086163465
48,0.011959644086163465
49,0.011959644086163465
50,0.011959644086163465
51,0.011959644086163465
52,0.011959644086163465
53,0.011959644086163465
54,0.011959644086163465
55,0.011959644086163465
56,0.011959644086163465
57,0.011959644086163465
58,0.011959644086163465
59,0.011959644086163465
60,0.011959644086163465
61,0.011959644086163465
62,0.011959644086163465
63,0.011959644086163465
64,0.011959644086163465
65,0.011959644086163465
66,0.011959644086163465
67,0.011959644086163465
68,0.011959644086163465
69,0.011959644086163465
70,0.011959644086163465
71,0.011959644086163465
72,0.011959644086163465
73,0.011959644086163465
74,0.011959644086163465
75,0.011959644086163465
76,0.011959644086163465
77,0.011959644086163465
78,0.011959644086163465
79,0.011959644086163465
80,0.011959644086163465
81,0.011959644086163465
82,0.011959644086163465
83,0.011959644086163465
84,0.011959644086163465
85,0.011959644086163465
86,0.011959644086163465
87,0.011959644086163465
88,0.011959644086163465
89,0.011959644086163465
90,0.011959644086163465
91,0.011959644086163465
92,0.011959644086163465
93,0.011959644086163465
94,0.011959644086163465
95,0.011959644086163465
96,0.011959644086163465
97,0.011959644086163465
98,0.011959644086163465
99,0.011959644086163465
100,0.011959644086163465
101,0.011959644086163465
102,0.011959644086163465
103,0.011959644086163465
104,0.011959644086163465
105,0.011959644086163465
106,0.011959644086163465
107,0.011959644086163465
108,0.011959644086163465
109,0.011959644086163465
110,0.011959644086163465
111,0.011959644086163465
112,0.011959644086163465
113,0.011959644086163465
114,0.011959644086163465
115,0.011959644086163465
116,0.011959644086163465
117,0.011959644086163465
118,0.011959644086163465
119,0.011959644086163465
120,0.011959644086163465
121,0.011959644086163465
122,0.011959644086163465
123,0.011959644086163465
124,0.011959644086163465
125,0.011959644086163465
126,0.011959644086163465
127,0.011959644086163465
