Request Id,request_execution_time
0,4.819970667260516
1,4.819970667260516
2,4.819970667260516
3,4.819970667260516
4,4.819970667260516
5,4.819970667260516
6,4.819970667260516
7,4.819970667260516
8,4.819970667260516
9,4.819970667260516
10,4.819970667260516
11,4.819970667260516
12,4.819970667260516
13,4.819970667260516
14,4.819970667260516
15,4.819970667260516
16,4.819970667260516
17,4.819970667260516
18,4.819970667260516
19,4.819970667260516
20,4.819970667260516
21,4.819970667260516
22,4.819970667260516
23,4.819970667260516
24,4.819970667260516
25,4.819970667260516
26,4.819970667260516
27,4.819970667260516
28,4.819970667260516
29,4.819970667260516
30,4.819970667260516
31,4.819970667260516
32,4.819970667260516
33,4.819970667260516
34,4.819970667260516
35,4.819970667260516
36,4.819970667260516
37,4.819970667260516
38,4.819970667260516
39,4.819970667260516
40,4.819970667260516
41,4.819970667260516
42,4.819970667260516
43,4.819970667260516
44,4.819970667260516
45,4.819970667260516
46,4.819970667260516
47,4.819970667260516
48,4.819970667260516
49,4.819970667260516
50,4.819970667260516
51,4.819970667260516
52,4.819970667260516
53,4.819970667260516
54,4.819970667260516
55,4.819970667260516
56,4.819970667260516
57,4.819970667260516
58,4.819970667260516
59,4.819970667260516
60,4.819970667260516
61,4.819970667260516
62,4.819970667260516
63,4.819970667260516
64,4.819970667260516
65,4.819970667260516
66,4.819970667260516
67,4.819970667260516
68,4.819970667260516
69,4.819970667260516
70,4.819970667260516
71,4.819970667260516
72,4.819970667260516
73,4.819970667260516
74,4.819970667260516
75,4.819970667260516
76,4.819970667260516
77,4.819970667260516
78,4.819970667260516
79,4.819970667260516
80,4.819970667260516
81,4.819970667260516
82,4.819970667260516
83,4.819970667260516
84,4.819970667260516
85,4.819970667260516
86,4.819970667260516
87,4.819970667260516
88,4.819970667260516
89,4.819970667260516
90,4.819970667260516
91,4.819970667260516
92,4.819970667260516
93,4.819970667260516
94,4.819970667260516
95,4.819970667260516
96,4.819970667260516
97,4.819970667260516
98,4.819970667260516
99,4.819970667260516
100,4.819970667260516
101,4.819970667260516
102,4.819970667260516
103,4.819970667260516
104,4.819970667260516
105,4.819970667260516
106,4.819970667260516
107,4.819970667260516
108,4.819970667260516
109,4.819970667260516
110,4.819970667260516
111,4.819970667260516
112,4.819970667260516
113,4.819970667260516
114,4.819970667260516
115,4.819970667260516
116,4.819970667260516
117,4.819970667260516
118,4.819970667260516
119,4.819970667260516
120,4.819970667260516
121,4.819970667260516
122,4.819970667260516
123,4.819970667260516
124,4.819970667260516
125,4.819970667260516
126,4.819970667260516
127,4.819970667260516
