cdf,batch_num_tokens,replica
0.0,257.27228753270765,0
0.01,257.27228753270765,0
0.02,257.27228753270765,0
0.03,257.27228753270765,0
0.04,257.27228753270765,0
0.05,257.27228753270765,0
0.06,257.27228753270765,0
0.07,257.27228753270765,0
0.08,257.27228753270765,0
0.09,257.27228753270765,0
0.1,257.27228753270765,0
0.11,257.27228753270765,0
0.12,257.27228753270765,0
0.13,257.27228753270765,0
0.14,257.27228753270765,0
0.15,257.27228753270765,0
0.16,257.27228753270765,0
0.17,257.27228753270765,0
0.18,257.27228753270765,0
0.19,257.27228753270765,0
0.2,257.27228753270765,0
0.21,257.27228753270765,0
0.22,257.27228753270765,0
0.23,257.27228753270765,0
0.24,257.27228753270765,0
0.25,257.27228753270765,0
0.26,257.27228753270765,0
0.27,257.27228753270765,0
0.28,257.27228753270765,0
0.29,257.27228753270765,0
0.3,257.27228753270765,0
0.31,257.27228753270765,0
0.32,257.27228753270765,0
0.33,257.27228753270765,0
0.34,257.27228753270765,0
0.35000000000000003,257.27228753270765,0
0.36,257.27228753270765,0
0.37,257.27228753270765,0
0.38,257.27228753270765,0
0.39,257.27228753270765,0
0.4,257.27228753270765,0
0.41000000000000003,257.27228753270765,0
0.42,257.27228753270765,0
0.43,257.27228753270765,0
0.44,257.27228753270765,0
0.45,257.27228753270765,0
0.46,257.27228753270765,0
0.47000000000000003,257.27228753270765,0
0.48,257.27228753270765,0
0.49,257.27228753270765,0
0.5,257.27228753270765,0
0.51,257.27228753270765,0
0.52,257.27228753270765,0
0.53,257.27228753270765,0
0.54,257.27228753270765,0
0.55,257.27228753270765,0
0.56,257.27228753270765,0
0.5700000000000001,257.27228753270765,0
0.58,257.27228753270765,0
0.59,257.27228753270765,0
0.6,257.27228753270765,0
0.61,257.27228753270765,0
0.62,257.27228753270765,0
0.63,257.27228753270765,0
0.64,257.27228753270765,0
0.65,257.27228753270765,0
0.66,257.27228753270765,0
0.67,257.27228753270765,0
0.68,257.27228753270765,0
0.6900000000000001,257.27228753270765,0
0.7000000000000001,257.27228753270765,0
0.71,257.27228753270765,0
0.72,257.27228753270765,0
0.73,257.27228753270765,0
0.74,257.27228753270765,0
0.75,257.27228753270765,0
0.76,257.27228753270765,0
0.77,257.27228753270765,0
0.78,257.27228753270765,0
0.79,257.27228753270765,0
0.8,257.27228753270765,0
0.81,257.27228753270765,0
0.8200000000000001,257.27228753270765,0
0.8300000000000001,257.27228753270765,0
0.84,257.27228753270765,0
0.85,257.27228753270765,0
0.86,257.27228753270765,0
0.87,257.27228753270765,0
0.88,257.27228753270765,0
0.89,257.27228753270765,0
0.9,257.27228753270765,0
0.91,257.27228753270765,0
0.92,257.27228753270765,0
0.93,257.27228753270765,0
0.9400000000000001,257.27228753270765,0
0.9500000000000001,257.27228753270765,0
0.96,257.27228753270765,0
0.97,257.27228753270765,0
0.98,257.27228753270765,0
0.99,257.27228753270765,0
1.0,4065.235744881094,0
