Request Id,prefill_time_execution_plus_preemption_normalized
0,0.0230629123284544
1,0.0230629123284544
2,0.0230629123284544
3,0.0230629123284544
4,0.0230629123284544
5,0.0230629123284544
6,0.0230629123284544
7,0.0230629123284544
8,0.0230629123284544
9,0.0230629123284544
10,0.0230629123284544
11,0.0230629123284544
12,0.0230629123284544
13,0.0230629123284544
14,0.0230629123284544
15,0.0230629123284544
16,0.0230629123284544
17,0.0230629123284544
18,0.0230629123284544
19,0.0230629123284544
20,0.0230629123284544
21,0.0230629123284544
22,0.0230629123284544
23,0.0230629123284544
24,0.0230629123284544
25,0.0230629123284544
26,0.0230629123284544
27,0.0230629123284544
28,0.0230629123284544
29,0.0230629123284544
30,0.0230629123284544
31,0.0230629123284544
32,0.0230629123284544
33,0.0230629123284544
34,0.0230629123284544
35,0.0230629123284544
36,0.0230629123284544
37,0.0230629123284544
38,0.0230629123284544
39,0.0230629123284544
40,0.0230629123284544
41,0.0230629123284544
42,0.0230629123284544
43,0.0230629123284544
44,0.0230629123284544
45,0.0230629123284544
46,0.0230629123284544
47,0.0230629123284544
48,0.0230629123284544
49,0.0230629123284544
50,0.0230629123284544
51,0.0230629123284544
52,0.0230629123284544
53,0.0230629123284544
54,0.0230629123284544
55,0.0230629123284544
56,0.0230629123284544
57,0.0230629123284544
58,0.0230629123284544
59,0.0230629123284544
60,0.0230629123284544
61,0.0230629123284544
62,0.0230629123284544
63,0.0230629123284544
64,0.0230629123284544
65,0.0230629123284544
66,0.0230629123284544
67,0.0230629123284544
68,0.0230629123284544
69,0.0230629123284544
70,0.0230629123284544
71,0.0230629123284544
72,0.0230629123284544
73,0.0230629123284544
74,0.0230629123284544
75,0.0230629123284544
76,0.0230629123284544
77,0.0230629123284544
78,0.0230629123284544
79,0.0230629123284544
80,0.0230629123284544
81,0.0230629123284544
82,0.0230629123284544
83,0.0230629123284544
84,0.0230629123284544
85,0.0230629123284544
86,0.0230629123284544
87,0.0230629123284544
88,0.0230629123284544
89,0.0230629123284544
90,0.0230629123284544
91,0.0230629123284544
92,0.0230629123284544
93,0.0230629123284544
94,0.0230629123284544
95,0.0230629123284544
96,0.0230629123284544
97,0.0230629123284544
98,0.0230629123284544
99,0.0230629123284544
100,0.0230629123284544
101,0.0230629123284544
102,0.0230629123284544
103,0.0230629123284544
104,0.0230629123284544
105,0.0230629123284544
106,0.0230629123284544
107,0.0230629123284544
108,0.0230629123284544
109,0.0230629123284544
110,0.0230629123284544
111,0.0230629123284544
112,0.0230629123284544
113,0.0230629123284544
114,0.0230629123284544
115,0.0230629123284544
116,0.0230629123284544
117,0.0230629123284544
118,0.0230629123284544
119,0.0230629123284544
120,0.0230629123284544
121,0.0230629123284544
122,0.0230629123284544
123,0.0230629123284544
124,0.0230629123284544
125,0.0230629123284544
126,0.0230629123284544
127,0.0230629123284544
128,0.0230629123284544
129,0.0230629123284544
130,0.0230629123284544
131,0.0230629123284544
132,0.0230629123284544
133,0.0230629123284544
134,0.0230629123284544
135,0.0230629123284544
136,0.0230629123284544
137,0.0230629123284544
138,0.0230629123284544
139,0.0230629123284544
140,0.0230629123284544
141,0.0230629123284544
142,0.0230629123284544
143,0.0230629123284544
144,0.0230629123284544
145,0.0230629123284544
146,0.0230629123284544
147,0.0230629123284544
148,0.0230629123284544
149,0.0230629123284544
150,0.0230629123284544
151,0.0230629123284544
152,0.0230629123284544
153,0.0230629123284544
154,0.0230629123284544
155,0.0230629123284544
156,0.0230629123284544
157,0.0230629123284544
158,0.0230629123284544
159,0.0230629123284544
160,0.0230629123284544
161,0.0230629123284544
162,0.0230629123284544
163,0.0230629123284544
164,0.0230629123284544
165,0.0230629123284544
166,0.0230629123284544
167,0.0230629123284544
168,0.0230629123284544
169,0.0230629123284544
170,0.0230629123284544
171,0.0230629123284544
172,0.0230629123284544
173,0.0230629123284544
174,0.0230629123284544
175,0.0230629123284544
176,0.0230629123284544
177,0.0230629123284544
178,0.0230629123284544
179,0.0230629123284544
180,0.0230629123284544
181,0.0230629123284544
182,0.0230629123284544
183,0.0230629123284544
184,0.0230629123284544
185,0.0230629123284544
186,0.0230629123284544
187,0.0230629123284544
188,0.0230629123284544
189,0.0230629123284544
190,0.0230629123284544
191,0.0230629123284544
192,0.0230629123284544
193,0.0230629123284544
194,0.0230629123284544
195,0.0230629123284544
196,0.0230629123284544
197,0.0230629123284544
198,0.0230629123284544
199,0.0230629123284544
200,0.0230629123284544
201,0.0230629123284544
202,0.0230629123284544
203,0.0230629123284544
204,0.0230629123284544
205,0.0230629123284544
206,0.0230629123284544
207,0.0230629123284544
208,0.0230629123284544
209,0.0230629123284544
210,0.0230629123284544
211,0.0230629123284544
212,0.0230629123284544
213,0.0230629123284544
214,0.0230629123284544
215,0.0230629123284544
216,0.0230629123284544
217,0.0230629123284544
218,0.0230629123284544
219,0.0230629123284544
220,0.0230629123284544
221,0.0230629123284544
222,0.0230629123284544
223,0.0230629123284544
224,0.0230629123284544
225,0.0230629123284544
226,0.0230629123284544
227,0.0230629123284544
228,0.0230629123284544
229,0.0230629123284544
230,0.0230629123284544
231,0.0230629123284544
232,0.0230629123284544
233,0.0230629123284544
234,0.0230629123284544
235,0.0230629123284544
236,0.0230629123284544
237,0.0230629123284544
238,0.0230629123284544
239,0.0230629123284544
240,0.0230629123284544
241,0.0230629123284544
242,0.0230629123284544
243,0.0230629123284544
244,0.0230629123284544
245,0.0230629123284544
246,0.0230629123284544
247,0.0230629123284544
248,0.0230629123284544
249,0.0230629123284544
250,0.0230629123284544
251,0.0230629123284544
252,0.0230629123284544
253,0.0230629123284544
254,0.0230629123284544
255,0.0230629123284544
