Request Id,request_e2e_time
0,5.484713899529807
1,5.484713899529807
2,5.484713899529807
3,5.484713899529807
4,5.484713899529807
5,5.484713899529807
6,5.484713899529807
7,5.484713899529807
8,5.484713899529807
9,5.484713899529807
10,5.484713899529807
11,5.484713899529807
12,5.484713899529807
13,5.484713899529807
14,5.484713899529807
15,5.484713899529807
16,5.484713899529807
17,5.484713899529807
18,5.484713899529807
19,5.484713899529807
20,5.484713899529807
21,5.484713899529807
22,5.484713899529807
23,5.484713899529807
24,5.484713899529807
25,5.484713899529807
26,5.484713899529807
27,5.484713899529807
28,5.484713899529807
29,5.484713899529807
30,5.484713899529807
31,5.484713899529807
32,5.484713899529807
33,5.484713899529807
34,5.484713899529807
35,5.484713899529807
36,5.484713899529807
37,5.484713899529807
38,5.484713899529807
39,5.484713899529807
40,5.484713899529807
41,5.484713899529807
42,5.484713899529807
43,5.484713899529807
44,5.484713899529807
45,5.484713899529807
46,5.484713899529807
47,5.484713899529807
48,5.484713899529807
49,5.484713899529807
50,5.484713899529807
51,5.484713899529807
52,5.484713899529807
53,5.484713899529807
54,5.484713899529807
55,5.484713899529807
56,5.484713899529807
57,5.484713899529807
58,5.484713899529807
59,5.484713899529807
60,5.484713899529807
61,5.484713899529807
62,5.484713899529807
63,5.484713899529807
64,5.484713899529807
65,5.484713899529807
66,5.484713899529807
67,5.484713899529807
68,5.484713899529807
69,5.484713899529807
70,5.484713899529807
71,5.484713899529807
72,5.484713899529807
73,5.484713899529807
74,5.484713899529807
75,5.484713899529807
76,5.484713899529807
77,5.484713899529807
78,5.484713899529807
79,5.484713899529807
80,5.484713899529807
81,5.484713899529807
82,5.484713899529807
83,5.484713899529807
84,5.484713899529807
85,5.484713899529807
86,5.484713899529807
87,5.484713899529807
88,5.484713899529807
89,5.484713899529807
90,5.484713899529807
91,5.484713899529807
92,5.484713899529807
93,5.484713899529807
94,5.484713899529807
95,5.484713899529807
96,5.484713899529807
97,5.484713899529807
98,5.484713899529807
99,5.484713899529807
100,5.484713899529807
101,5.484713899529807
102,5.484713899529807
103,5.484713899529807
104,5.484713899529807
105,5.484713899529807
106,5.484713899529807
107,5.484713899529807
108,5.484713899529807
109,5.484713899529807
110,5.484713899529807
111,5.484713899529807
112,5.484713899529807
113,5.484713899529807
114,5.484713899529807
115,5.484713899529807
116,5.484713899529807
117,5.484713899529807
118,5.484713899529807
119,5.484713899529807
120,5.484713899529807
121,5.484713899529807
122,5.484713899529807
123,5.484713899529807
124,5.484713899529807
125,5.484713899529807
126,5.484713899529807
127,5.484713899529807
128,5.484713899529807
129,5.484713899529807
130,5.484713899529807
131,5.484713899529807
132,5.484713899529807
133,5.484713899529807
134,5.484713899529807
135,5.484713899529807
136,5.484713899529807
137,5.484713899529807
138,5.484713899529807
139,5.484713899529807
140,5.484713899529807
141,5.484713899529807
142,5.484713899529807
143,5.484713899529807
144,5.484713899529807
145,5.484713899529807
146,5.484713899529807
147,5.484713899529807
148,5.484713899529807
149,5.484713899529807
150,5.484713899529807
151,5.484713899529807
152,5.484713899529807
153,5.484713899529807
154,5.484713899529807
155,5.484713899529807
156,5.484713899529807
157,5.484713899529807
158,5.484713899529807
159,5.484713899529807
160,5.484713899529807
161,5.484713899529807
162,5.484713899529807
163,5.484713899529807
164,5.484713899529807
165,5.484713899529807
166,5.484713899529807
167,5.484713899529807
168,5.484713899529807
169,5.484713899529807
170,5.484713899529807
171,5.484713899529807
172,5.484713899529807
173,5.484713899529807
174,5.484713899529807
175,5.484713899529807
176,5.484713899529807
177,5.484713899529807
178,5.484713899529807
179,5.484713899529807
180,5.484713899529807
181,5.484713899529807
182,5.484713899529807
183,5.484713899529807
184,5.484713899529807
185,5.484713899529807
186,5.484713899529807
187,5.484713899529807
188,5.484713899529807
189,5.484713899529807
190,5.484713899529807
191,5.484713899529807
192,5.484713899529807
193,5.484713899529807
194,5.484713899529807
195,5.484713899529807
196,5.484713899529807
197,5.484713899529807
198,5.484713899529807
199,5.484713899529807
200,5.484713899529807
201,5.484713899529807
202,5.484713899529807
203,5.484713899529807
204,5.484713899529807
205,5.484713899529807
206,5.484713899529807
207,5.484713899529807
208,5.484713899529807
209,5.484713899529807
210,5.484713899529807
211,5.484713899529807
212,5.484713899529807
213,5.484713899529807
214,5.484713899529807
215,5.484713899529807
216,5.484713899529807
217,5.484713899529807
218,5.484713899529807
219,5.484713899529807
220,5.484713899529807
221,5.484713899529807
222,5.484713899529807
223,5.484713899529807
224,5.484713899529807
225,5.484713899529807
226,5.484713899529807
227,5.484713899529807
228,5.484713899529807
229,5.484713899529807
230,5.484713899529807
231,5.484713899529807
232,5.484713899529807
233,5.484713899529807
234,5.484713899529807
235,5.484713899529807
236,5.484713899529807
237,5.484713899529807
238,5.484713899529807
239,5.484713899529807
240,5.484713899529807
241,5.484713899529807
242,5.484713899529807
243,5.484713899529807
244,5.484713899529807
245,5.484713899529807
246,5.484713899529807
247,5.484713899529807
248,5.484713899529807
249,5.484713899529807
250,5.484713899529807
251,5.484713899529807
252,5.484713899529807
253,5.484713899529807
254,5.484713899529807
255,5.484713899529807
