cdf,decode_time_execution_plus_preemption_normalized
0.0,0.031714195296263584
0.01,0.031723114799519087
0.02,0.03173203430277459
0.03,0.0317409538060301
0.04,0.0317498733092856
0.05,0.031758792812541105
0.06,0.03176771231579661
0.07,0.03177663181905211
0.08,0.03178555132230762
0.09,0.03179447082556312
0.1,0.031803390328818626
0.11,0.03181230983207413
0.12,0.03182122933532964
0.13,0.03183014883858514
0.14,0.031839068341840644
0.15,0.03184798784509615
0.16,0.03185690734835165
0.17,0.03186582685160716
0.18,0.03187474635486266
0.19,0.031883665858118165
0.2,0.03189258536137367
0.21,0.03190150486462917
0.22,0.03191042436788468
0.23,0.031919343871140184
0.24,0.031928263374395686
0.25,0.03193718287765119
0.26,0.03194610238090669
0.27,0.0319550218841622
0.28,0.031963941387417705
0.29,0.03197286089067321
0.3,0.03198178039392871
0.31,0.03199069989718422
0.32,0.03199961940043972
0.33,0.032008538903695226
0.34,0.03201745840695073
0.35000000000000003,0.03202637791020623
0.36,0.03203529741346174
0.37,0.032044216916717244
0.38,0.03205313641997275
0.39,0.03206205592322825
0.4,0.03207097542648375
0.41000000000000003,0.03207989492973926
0.42,0.032088814432994765
0.43,0.03209773393625027
0.44,0.03210665343950577
0.45,0.032115572942761274
0.46,0.032124492446016784
0.47000000000000003,0.032133411949272286
0.48,0.03214233145252779
0.49,0.03215125095578329
0.5,0.032160170459038795
0.51,0.032169089962294305
0.52,0.03217800946554981
0.53,0.03218692896880531
0.54,0.03219584847206081
0.55,0.03220476797531632
0.56,0.032213687478571826
0.5700000000000001,0.03222260698182733
0.58,0.03223152648508283
0.59,0.032240445988338334
0.6,0.032249365491593844
0.61,0.03225828499484935
0.62,0.03226720449810485
0.63,0.03227612400136035
0.64,0.032285043504615855
0.65,0.032293963007871365
0.66,0.03230288251112687
0.67,0.03231180201438237
0.68,0.032320721517637874
0.6900000000000001,0.03232964102089338
0.7000000000000001,0.032338560524148886
0.71,0.03234748002740439
0.72,0.03235639953065989
0.73,0.032365319033915395
0.74,0.032374238537170905
0.75,0.03238315804042641
0.76,0.03239207754368191
0.77,0.03240099704693741
0.78,0.032409916550192916
0.79,0.032418836053448426
0.8,0.03242775555670393
0.81,0.03243667505995943
0.8200000000000001,0.032445594563214934
0.8300000000000001,0.03245451406647044
0.84,0.03246343356972595
0.85,0.03247235307298145
0.86,0.03248127257623695
0.87,0.032490192079492455
0.88,0.03249911158274796
0.89,0.03250803108600347
0.9,0.03251695058925897
0.91,0.032525870092514474
0.92,0.032534789595769976
0.93,0.032543709099025486
0.9400000000000001,0.03255262860228099
0.9500000000000001,0.03256154810553649
0.96,0.032570467608791995
0.97,0.0325793871120475
0.98,0.03258830661530301
0.99,0.03259722611855851
1.0,0.03260614562181401
