step,start_s,end_s,duration_ms,batch_size,prefill_tokens,decode_tokens,requests
0,0.0,0.033418,33.418056,1,64,0,0
1,0.033418,0.06576,32.342339,1,0,1,0
2,0.06576,0.098103,32.342339,1,0,1,0
3,0.098103,0.130445,32.342339,1,0,1,0
4,0.130445,0.162787,32.342339,1,0,1,0
5,0.162787,0.19513,32.342339,1,0,1,0
6,0.19513,0.227472,32.342339,1,0,1,0
7,0.227472,0.259814,32.342339,1,0,1,0
8,0.259814,0.292157,32.342339,1,0,1,0
9,0.292157,0.324499,32.342339,1,0,1,0
10,0.324499,0.356841,32.342339,1,0,1,0
11,0.356841,0.389184,32.342339,1,0,1,0
12,0.389184,0.421526,32.342339,1,0,1,0
13,0.421526,0.453868,32.342339,1,0,1,0
14,0.453868,0.486211,32.342339,1,0,1,0
15,0.486211,0.518553,32.342339,1,0,1,0
16,0.518553,0.550895,32.342339,1,0,1,0
17,0.550895,0.583238,32.342339,1,0,1,0
18,0.583238,0.61558,32.342339,1,0,1,0
19,0.61558,0.647922,32.342339,1,0,1,0
20,0.647922,0.680265,32.342339,1,0,1,0
21,0.680265,0.712607,32.342339,1,0,1,0
22,0.712607,0.74495,32.342339,1,0,1,0
23,0.74495,0.777292,32.342339,1,0,1,0
24,0.777292,0.809634,32.342339,1,0,1,0
25,0.809634,0.841977,32.342339,1,0,1,0
26,0.841977,0.874319,32.342339,1,0,1,0
27,0.874319,0.906661,32.342339,1,0,1,0
28,0.906661,0.939004,32.342339,1,0,1,0
29,0.939004,0.971346,32.342339,1,0,1,0
30,0.971346,1.003688,32.342339,1,0,1,0
31,1.003688,1.036031,32.342339,1,0,1,0
32,1.036031,1.068373,32.342339,1,0,1,0
33,1.068373,1.100715,32.342339,1,0,1,0
34,1.100715,1.133058,32.342339,1,0,1,0
35,1.133058,1.1654,32.342339,1,0,1,0
36,1.1654,1.197742,32.342339,1,0,1,0
37,1.197742,1.230085,32.342339,1,0,1,0
38,1.230085,1.262427,32.342339,1,0,1,0
39,1.262427,1.294769,32.342339,1,0,1,0
40,1.294769,1.327112,32.342339,1,0,1,0
41,1.327112,1.359454,32.342339,1,0,1,0
42,1.359454,1.391796,32.342339,1,0,1,0
43,1.391796,1.424139,32.342339,1,0,1,0
44,1.424139,1.456481,32.342339,1,0,1,0
45,1.456481,1.488823,32.342339,1,0,1,0
46,1.488823,1.521166,32.342339,1,0,1,0
47,1.521166,1.553508,32.342339,1,0,1,0
48,1.553508,1.58585,32.342339,1,0,1,0
49,1.58585,1.618193,32.342339,1,0,1,0
50,1.618193,1.650535,32.342339,1,0,1,0
51,1.650535,1.682877,32.342339,1,0,1,0
52,1.682877,1.71522,32.342339,1,0,1,0
53,1.71522,1.747562,32.342339,1,0,1,0
54,1.747562,1.779904,32.342339,1,0,1,0
55,1.779904,1.812247,32.342339,1,0,1,0
56,1.812247,1.844589,32.342339,1,0,1,0
57,1.844589,1.876931,32.342339,1,0,1,0
58,1.876931,1.909274,32.342339,1,0,1,0
59,1.909274,1.941616,32.342339,1,0,1,0
60,1.941616,1.973958,32.342339,1,0,1,0
61,1.973958,2.006301,32.342339,1,0,1,0
62,2.006301,2.038643,32.342339,1,0,1,0
63,2.038643,2.070985,32.342339,1,0,1,0
64,2.070985,2.103328,32.342339,1,0,1,0
65,2.103328,2.135632,32.303994,1,0,1,0
66,2.135632,2.167936,32.303994,1,0,1,0
67,2.167936,2.20024,32.303994,1,0,1,0
68,2.20024,2.232544,32.303994,1,0,1,0
69,2.232544,2.264848,32.303994,1,0,1,0
70,2.264848,2.297152,32.303994,1,0,1,0
71,2.297152,2.329456,32.303994,1,0,1,0
72,2.329456,2.36176,32.303994,1,0,1,0
73,2.36176,2.394064,32.303994,1,0,1,0
74,2.394064,2.426368,32.303994,1,0,1,0
75,2.426368,2.458672,32.303994,1,0,1,0
76,2.458672,2.490976,32.303994,1,0,1,0
77,2.490976,2.52328,32.303994,1,0,1,0
78,2.52328,2.555584,32.303994,1,0,1,0
79,2.555584,2.587888,32.303994,1,0,1,0
80,2.587888,2.620192,32.303994,1,0,1,0
81,2.620192,2.652496,32.303994,1,0,1,0
82,2.652496,2.6848,32.303994,1,0,1,0
83,2.6848,2.717104,32.303994,1,0,1,0
84,2.717104,2.749408,32.303994,1,0,1,0
85,2.749408,2.781712,32.303994,1,0,1,0
86,2.781712,2.814016,32.303994,1,0,1,0
87,2.814016,2.84632,32.303994,1,0,1,0
88,2.84632,2.878624,32.303994,1,0,1,0
89,2.878624,2.910928,32.303994,1,0,1,0
90,2.910928,2.943232,32.303994,1,0,1,0
91,2.943232,2.975536,32.303994,1,0,1,0
92,2.975536,3.00784,32.303994,1,0,1,0
93,3.00784,3.040144,32.303994,1,0,1,0
94,3.040144,3.072448,32.303994,1,0,1,0
95,3.072448,3.104752,32.303994,1,0,1,0
96,3.104752,3.137056,32.303994,1,0,1,0
97,3.137056,3.16936,32.303994,1,0,1,0
98,3.16936,3.201664,32.303994,1,0,1,0
99,3.201664,3.233968,32.303994,1,0,1,0
100,3.233968,3.266272,32.303994,1,0,1,0
101,3.266272,3.298576,32.303994,1,0,1,0
102,3.298576,3.33088,32.303994,1,0,1,0
103,3.33088,3.363184,32.303994,1,0,1,0
104,3.363184,3.395488,32.303994,1,0,1,0
105,3.395488,3.427792,32.303994,1,0,1,0
106,3.427792,3.460096,32.303994,1,0,1,0
107,3.460096,3.492399,32.303994,1,0,1,0
108,3.492399,3.524703,32.303994,1,0,1,0
109,3.524703,3.557007,32.303994,1,0,1,0
110,3.557007,3.589311,32.303994,1,0,1,0
111,3.589311,3.621615,32.303994,1,0,1,0
112,3.621615,3.653919,32.303994,1,0,1,0
113,3.653919,3.686223,32.303994,1,0,1,0
114,3.686223,3.718527,32.303994,1,0,1,0
115,3.718527,3.750831,32.303994,1,0,1,0
116,3.750831,3.783135,32.303994,1,0,1,0
117,3.783135,3.815439,32.303994,1,0,1,0
118,3.815439,3.847743,32.303994,1,0,1,0
119,3.847743,3.880047,32.303994,1,0,1,0
120,3.880047,3.912351,32.303994,1,0,1,0
121,3.912351,3.944655,32.303994,1,0,1,0
122,3.944655,3.976959,32.303994,1,0,1,0
123,3.976959,4.009263,32.303994,1,0,1,0
124,4.009263,4.041567,32.303994,1,0,1,0
125,4.041567,4.073871,32.303994,1,0,1,0
126,4.073871,4.106175,32.303994,1,0,1,0
127,4.106175,4.138479,32.303994,1,0,1,0
