cdf,request_e2e_time
0.0,4.140319356139275
0.01,4.140319356139275
0.02,4.140319356139275
0.03,4.140319356139275
0.04,4.140319356139275
0.05,4.140319356139275
0.06,4.140319356139275
0.07,4.140319356139275
0.08,4.140319356139275
0.09,4.140319356139275
0.1,4.140319356139275
0.11,4.140319356139275
0.12,4.140319356139275
0.13,4.140319356139275
0.14,4.140319356139275
0.15,4.140319356139275
0.16,4.140319356139275
0.17,4.140319356139275
0.18,4.140319356139275
0.19,4.140319356139275
0.2,4.140319356139275
0.21,4.140319356139275
0.22,4.140319356139275
0.23,4.140319356139275
0.24,4.140319356139275
0.25,4.140319356139275
0.26,4.140319356139275
0.27,4.140319356139275
0.28,4.140319356139275
0.29,4.140319356139275
0.3,4.140319356139275
0.31,4.140319356139275
0.32,4.140319356139275
0.33,4.140319356139275
0.34,4.140319356139275
0.35000000000000003,4.140319356139275
0.36,4.140319356139275
0.37,4.140319356139275
0.38,4.140319356139275
0.39,4.140319356139275
0.4,4.140319356139275
0.41000000000000003,4.140319356139275
0.42,4.140319356139275
0.43,4.140319356139275
0.44,4.140319356139275
0.45,4.140319356139275
0.46,4.140319356139275
0.47000000000000003,4.140319356139275
0.48,4.140319356139275
0.49,4.140319356139275
0.5,4.140319356139275
0.51,4.140319356139275
0.52,4.140319356139275
0.53,4.140319356139275
0.54,4.140319356139275
0.55,4.140319356139275
0.56,4.140319356139275
0.5700000000000001,4.140319356139275
0.58,4.140319356139275
0.59,4.140319356139275
0.6,4.140319356139275
0.61,4.140319356139275
0.62,4.140319356139275
0.63,4.140319356139275
0.64,4.140319356139275
0.65,4.140319356139275
0.66,4.140319356139275
0.67,4.140319356139275
0.68,4.140319356139275
0.6900000000000001,4.140319356139275
0.7000000000000001,4.140319356139275
0.71,4.140319356139275
0.72,4.140319356139275
0.73,4.140319356139275
0.74,4.140319356139275
0.75,4.140319356139275
0.76,4.140319356139275
0.77,4.140319356139275
0.78,4.140319356139275
0.79,4.140319356139275
0.8,4.140319356139275
0.81,4.140319356139275
0.8200000000000001,4.140319356139275
0.8300000000000001,4.140319356139275
0.84,4.140319356139275
0.85,4.140319356139275
0.86,4.140319356139275
0.87,4.140319356139275
0.88,4.140319356139275
0.89,4.140319356139275
0.9,4.140319356139275
0.91,4.140319356139275
0.92,4.140319356139275
0.93,4.140319356139275
0.9400000000000001,4.140319356139275
0.9500000000000001,4.140319356139275
0.96,4.140319356139275
0.97,4.140319356139275
0.98,4.140319356139275
0.99,4.140319356139275
1.0,4.140319356139275
