request,arrival_s,prompt_len,output_len,queue_ms,ttft_ms,tpot_ms,e2e_s,worst_gap_ms,worst_gap_token,restarts
0.0,0.0,16.0,128.0,0.0,41.645,37.04,4.746,37.141,50,0
1.0,0.0,16.0,128.0,0.0,41.645,37.04,4.746,37.141,50,0
2.0,0.0,16.0,128.0,0.0,41.645,37.04,4.746,37.141,50,0
3.0,0.0,16.0,128.0,0.0,41.645,37.04,4.746,37.141,50,0
4.0,0.0,16.0,128.0,0.0,41.645,37.04,4.746,37.141,50,0
5.0,0.0,16.0,128.0,0.0,41.645,37.04,4.746,37.141,50,0
6.0,0.0,16.0,128.0,0.0,41.645,37.04,4.746,37.141,50,0
7.0,0.0,16.0,128.0,0.0,41.645,37.04,4.746,37.141,50,0
8.0,0.0,16.0,128.0,0.0,41.645,37.04,4.746,37.141,50,0
9.0,0.0,16.0,128.0,0.0,41.645,37.04,4.746,37.141,50,0
10.0,0.0,16.0,128.0,0.0,41.645,37.04,4.746,37.141,50,0
11.0,0.0,16.0,128.0,0.0,41.645,37.04,4.746,37.141,50,0
12.0,0.0,16.0,128.0,0.0,41.645,37.04,4.746,37.141,50,0
13.0,0.0,16.0,128.0,0.0,41.645,37.04,4.746,37.141,50,0
14.0,0.0,16.0,128.0,0.0,41.645,37.04,4.746,37.141,50,0
15.0,0.0,16.0,128.0,0.0,41.645,37.04,4.746,37.141,50,0
