request,arrival_s,prompt_len,output_len,queue_ms,ttft_ms,tpot_ms,e2e_s,worst_gap_ms,worst_gap_token,restarts,run,chunk_size,second_prompt
0.0,0.0,1024.0,512.0,0.0,167.449,32.292,16.668,45.381,28,0,exp2_4d_chunk_0256_second_prompt_0256,256,256
0.0,0.0,1024.0,512.0,0.0,167.449,32.315,16.68,45.435,29,0,exp2_4d_chunk_0256_second_prompt_0512,256,512
0.0,0.0,1024.0,512.0,0.0,167.449,32.367,16.707,45.777,31,0,exp2_4d_chunk_0256_second_prompt_1024,256,1024
0.0,0.0,1024.0,512.0,0.0,167.449,32.492,16.771,46.381,35,0,exp2_4d_chunk_0256_second_prompt_2048,256,2048
0.0,0.0,1024.0,512.0,0.0,167.449,32.606,16.829,46.752,39,0,exp2_4d_chunk_0256_second_prompt_3072,256,3072
0.0,0.0,1024.0,512.0,0.0,167.449,32.694,16.874,46.785,42,0,exp2_4d_chunk_0256_second_prompt_4000,256,4000
0.0,0.0,1024.0,512.0,0.0,124.931,32.286,16.623,46.968,30,0,exp2_4d_chunk_0512_second_prompt_0256,512,256
0.0,0.0,1024.0,512.0,0.0,124.931,32.329,16.645,66.081,30,0,exp2_4d_chunk_0512_second_prompt_0512,512,512
0.0,0.0,1024.0,512.0,0.0,124.931,32.396,16.679,66.237,31,0,exp2_4d_chunk_0512_second_prompt_1024,512,1024
0.0,0.0,1024.0,512.0,0.0,124.931,32.534,16.75,66.326,33,0,exp2_4d_chunk_0512_second_prompt_2048,512,2048
0.0,0.0,1024.0,512.0,0.0,124.931,32.67,16.819,66.408,35,0,exp2_4d_chunk_0512_second_prompt_3072,512,3072
0.0,0.0,1024.0,512.0,0.0,124.931,32.79,16.881,66.812,36,0,exp2_4d_chunk_0512_second_prompt_4000,512,4000
0.0,0.0,1024.0,512.0,0.0,113.733,32.286,16.612,46.968,30,0,exp2_4d_chunk_1024_second_prompt_0256,1024,256
0.0,0.0,1024.0,512.0,0.0,113.733,32.322,16.631,66.874,30,0,exp2_4d_chunk_1024_second_prompt_0512,1024,512
0.0,0.0,1024.0,512.0,0.0,113.733,32.43,16.685,117.426,30,0,exp2_4d_chunk_1024_second_prompt_1024,1024,1024
0.0,0.0,1024.0,512.0,0.0,113.733,32.605,16.775,118.736,31,0,exp2_4d_chunk_1024_second_prompt_2048,1024,2048
0.0,0.0,1024.0,512.0,0.0,113.733,32.78,16.864,120.828,32,0,exp2_4d_chunk_1024_second_prompt_3072,1024,3072
0.0,0.0,1024.0,512.0,0.0,113.733,32.929,16.94,120.828,32,0,exp2_4d_chunk_1024_second_prompt_4000,1024,4000
0.0,0.0,1024.0,512.0,0.0,113.733,32.286,16.612,46.968,30,0,exp2_4d_chunk_2048_second_prompt_0256,2048,256
0.0,0.0,1024.0,512.0,0.0,113.733,32.322,16.631,66.874,30,0,exp2_4d_chunk_2048_second_prompt_0512,2048,512
0.0,0.0,1024.0,512.0,0.0,113.733,32.421,16.681,117.072,30,0,exp2_4d_chunk_2048_second_prompt_1024,2048,1024
0.0,0.0,1024.0,512.0,0.0,113.733,32.598,16.771,200.347,30,0,exp2_4d_chunk_2048_second_prompt_2048,2048,2048
0.0,0.0,1024.0,512.0,0.0,113.733,32.764,16.856,200.347,30,0,exp2_4d_chunk_2048_second_prompt_3072,2048,3072
0.0,0.0,1024.0,512.0,0.0,113.733,32.925,16.938,203.528,31,0,exp2_4d_chunk_2048_second_prompt_4000,2048,4000
0.0,0.0,1024.0,512.0,0.0,113.733,32.286,16.612,46.968,30,0,exp2_4d_chunk_4096_second_prompt_0256,4096,256
0.0,0.0,1024.0,512.0,0.0,113.733,32.322,16.631,66.874,30,0,exp2_4d_chunk_4096_second_prompt_0512,4096,512
0.0,0.0,1024.0,512.0,0.0,113.733,32.421,16.681,117.072,30,0,exp2_4d_chunk_4096_second_prompt_1024,4096,1024
0.0,0.0,1024.0,512.0,0.0,113.733,32.589,16.767,200.347,30,0,exp2_4d_chunk_4096_second_prompt_2048,4096,2048
0.0,0.0,1024.0,512.0,0.0,113.733,32.8,16.874,306.774,30,0,exp2_4d_chunk_4096_second_prompt_3072,4096,3072
0.0,0.0,1024.0,512.0,0.0,113.733,32.967,16.96,392.945,30,0,exp2_4d_chunk_4096_second_prompt_4000,4096,4000
