cdf,request_execution_time_normalized
0.0,0.034425271641612784
0.01,0.034425271641612784
0.02,0.034425271641612784
0.03,0.034425271641612784
0.04,0.034425271641612784
0.05,0.034425271641612784
0.06,0.034425271641612784
0.07,0.034425271641612784
0.08,0.034425271641612784
0.09,0.034425271641612784
0.1,0.034425271641612784
0.11,0.034425271641612784
0.12,0.034425271641612784
0.13,0.034425271641612784
0.14,0.034425271641612784
0.15,0.034425271641612784
0.16,0.034425271641612784
0.17,0.034425271641612784
0.18,0.034425271641612784
0.19,0.034425271641612784
0.2,0.034425271641612784
0.21,0.034425271641612784
0.22,0.034425271641612784
0.23,0.034425271641612784
0.24,0.034425271641612784
0.25,0.034425271641612784
0.26,0.034425271641612784
0.27,0.034425271641612784
0.28,0.034425271641612784
0.29,0.034425271641612784
0.3,0.034425271641612784
0.31,0.034425271641612784
0.32,0.034425271641612784
0.33,0.034425271641612784
0.34,0.034425271641612784
0.35000000000000003,0.034425271641612784
0.36,0.034425271641612784
0.37,0.034425271641612784
0.38,0.034425271641612784
0.39,0.034425271641612784
0.4,0.034425271641612784
0.41000000000000003,0.034425271641612784
0.42,0.034425271641612784
0.43,0.034425271641612784
0.44,0.034425271641612784
0.45,0.034425271641612784
0.46,0.034425271641612784
0.47000000000000003,0.034425271641612784
0.48,0.034425271641612784
0.49,0.034425271641612784
0.5,0.034425271641612784
0.51,0.034425271641612784
0.52,0.034425271641612784
0.53,0.034425271641612784
0.54,0.034425271641612784
0.55,0.034425271641612784
0.56,0.034425271641612784
0.5700000000000001,0.034425271641612784
0.58,0.034425271641612784
0.59,0.034425271641612784
0.6,0.034425271641612784
0.61,0.034425271641612784
0.62,0.034425271641612784
0.63,0.034425271641612784
0.64,0.034425271641612784
0.65,0.034425271641612784
0.66,0.034425271641612784
0.67,0.034425271641612784
0.68,0.034425271641612784
0.6900000000000001,0.034425271641612784
0.7000000000000001,0.034425271641612784
0.71,0.034425271641612784
0.72,0.034425271641612784
0.73,0.034425271641612784
0.74,0.034425271641612784
0.75,0.034425271641612784
0.76,0.034425271641612784
0.77,0.034425271641612784
0.78,0.034425271641612784
0.79,0.034425271641612784
0.8,0.034425271641612784
0.81,0.034425271641612784
0.8200000000000001,0.034425271641612784
0.8300000000000001,0.034425271641612784
0.84,0.034425271641612784
0.85,0.034425271641612784
0.86,0.034425271641612784
0.87,0.034425271641612784
0.88,0.034425271641612784
0.89,0.034425271641612784
0.9,0.034425271641612784
0.91,0.034425271641612784
0.92,0.034425271641612784
0.93,0.034425271641612784
0.9400000000000001,0.034425271641612784
0.9500000000000001,0.034425271641612784
0.96,0.034425271641612784
0.97,0.034425271641612784
0.98,0.034425271641612784
0.99,0.034425271641612784
1.0,0.034425271641612784
