request,token,time_s,step,gap_ms
0,1,0.19665363392068902,0,196.654
0,2,0.2290090697847818,1,32.355
0,3,0.2613645056488746,2,32.355
0,4,0.2937199415129674,3,32.355
0,5,0.32607537737706016,4,32.355
0,6,0.35843081324115295,5,32.355
0,7,0.39078624910524573,6,32.355
0,8,0.4231416849693385,7,32.355
0,9,0.4554971208334313,8,32.355
0,10,0.4878525566975241,9,32.355
0,11,0.5202079925616169,10,32.355
0,12,0.5525634284257097,11,32.355
0,13,0.5849188642898024,12,32.355
0,14,0.6172743001538952,13,32.355
0,15,0.6496297360179879,14,32.355
0,16,0.6819851718820806,15,32.355
0,17,0.7143406077461734,16,32.355
0,18,0.7466960436102661,17,32.355
0,19,0.7790514794743588,18,32.355
0,20,0.8114069153384516,19,32.355
0,21,0.8437623512025443,20,32.355
0,22,0.876117787066637,21,32.355
0,23,0.9084732229307297,22,32.355
0,24,0.9408286587948225,23,32.355
0,25,0.9731840946589152,24,32.355
0,26,1.005539530523008,25,32.355
0,27,1.0378949663871007,26,32.355
0,28,1.0702504022511934,27,32.355
0,29,1.1026058381152861,28,32.355
0,30,1.1349612739793788,29,32.355
0,31,1.1673167098434716,30,32.355
0,32,1.1996721457075643,31,32.355
0,33,1.232027581571657,32,32.355
0,34,1.2643830174357498,33,32.355
0,35,1.2967384532998425,34,32.355
0,36,1.3290938891639352,35,32.355
0,37,1.361449325028028,36,32.355
0,38,1.3938047608921207,37,32.355
0,39,1.4261601967562134,38,32.355
0,40,1.4585156326203061,39,32.355
0,41,1.4908710684843989,40,32.355
0,42,1.5232265043484916,41,32.355
0,43,1.5555819402125843,42,32.355
0,44,1.587937376076677,43,32.355
0,45,1.6202928119407698,44,32.355
0,46,1.6526482478048625,45,32.355
0,47,1.6850036836689553,46,32.355
0,48,1.717359119533048,47,32.355
0,49,1.7497145553971407,48,32.355
0,50,1.7820699912612334,49,32.355
0,51,1.8144254271253262,50,32.355
0,52,1.846780862989419,51,32.355
0,53,1.8791362988535116,52,32.355
0,54,1.9114917347176044,53,32.355
0,55,1.943847170581697,54,32.355
0,56,1.9762026064457898,55,32.355
0,57,2.0085580423098826,56,32.355
0,58,2.0409134781739753,57,32.355
0,59,2.073268914038068,58,32.355
0,60,2.1056243499021607,59,32.355
0,61,2.1379797857662535,60,32.355
0,62,2.170335221630346,61,32.355
0,63,2.202690657494439,62,32.355
0,64,2.2350460933585317,63,32.355
0,65,2.2674015292226244,64,32.355
0,66,2.299722065632349,65,32.321
0,67,2.3320426020420735,66,32.321
0,68,2.364363138451798,67,32.321
0,69,2.3966836748615226,68,32.321
0,70,2.429004211271247,69,32.321
0,71,2.4613247476809716,70,32.321
0,72,2.493645284090696,71,32.321
0,73,2.5259658205004207,72,32.321
0,74,2.5582863569101453,73,32.321
0,75,2.59060689331987,74,32.321
0,76,2.6229274297295944,75,32.321
0,77,2.655247966139319,76,32.321
0,78,2.6875685025490434,77,32.321
0,79,2.719889038958768,78,32.321
0,80,2.7522095753684925,79,32.321
0,81,2.784530111778217,80,32.321
0,82,2.8168506481879416,81,32.321
0,83,2.849171184597666,82,32.321
0,84,2.8814917210073907,83,32.321
0,85,2.9138122574171152,84,32.321
0,86,2.94613279382684,85,32.321
0,87,2.9784533302365643,86,32.321
0,88,3.010773866646289,87,32.321
0,89,3.0430944030560134,88,32.321
0,90,3.075414939465738,89,32.321
0,91,3.1077354758754625,90,32.321
0,92,3.140056012285187,91,32.321
0,93,3.1723765486949116,92,32.321
0,94,3.204697085104636,93,32.321
0,95,3.2370176215143607,94,32.321
0,96,3.269338157924085,95,32.321
0,97,3.3016586943338098,96,32.321
0,98,3.3339792307435343,97,32.321
0,99,3.366299767153259,98,32.321
0,100,3.3986203035629834,99,32.321
0,101,3.430940839972708,100,32.321
0,102,3.4632613763824325,101,32.321
0,103,3.495581912792157,102,32.321
0,104,3.5279024492018816,103,32.321
0,105,3.560222985611606,104,32.321
0,106,3.5925435220213306,105,32.321
0,107,3.624864058431055,106,32.321
0,108,3.6571845948407797,107,32.321
0,109,3.6895051312505043,108,32.321
0,110,3.721825667660229,109,32.321
0,111,3.7541462040699534,110,32.321
0,112,3.786466740479678,111,32.321
0,113,3.8187872768894024,112,32.321
0,114,3.851107813299127,113,32.321
0,115,3.8834283497088515,114,32.321
0,116,3.915748886118576,115,32.321
0,117,3.9480694225283006,116,32.321
0,118,3.980389958938025,117,32.321
0,119,4.01271049534775,118,32.321
0,120,4.045031031757474,119,32.321
0,121,4.077351568167198,120,32.321
0,122,4.109672104576922,121,32.321
0,123,4.141992640986646,122,32.321
0,124,4.17431317739637,123,32.321
0,125,4.206633713806094,124,32.321
0,126,4.238954250215818,125,32.321
0,127,4.2712747866255425,126,32.321
0,128,4.303595323035267,127,32.321
0,129,4.335915859444991,128,32.321
0,130,4.368231152972941,129,32.315
0,131,4.400546446500891,130,32.315
0,132,4.432861740028841,131,32.315
0,133,4.465177033556791,132,32.315
0,134,4.497492327084741,133,32.315
0,135,4.529807620612691,134,32.315
0,136,4.562122914140641,135,32.315
0,137,4.594438207668591,136,32.315
0,138,4.626753501196541,137,32.315
0,139,4.659068794724491,138,32.315
0,140,4.691384088252441,139,32.315
0,141,4.723699381780391,140,32.315
0,142,4.756014675308341,141,32.315
0,143,4.788329968836291,142,32.315
0,144,4.820645262364241,143,32.315
0,145,4.852960555892191,144,32.315
0,146,4.885275849420141,145,32.315
0,147,4.917591142948091,146,32.315
0,148,4.9499064364760414,147,32.315
0,149,4.9822217300039915,148,32.315
0,150,5.0145370235319415,149,32.315
0,151,5.046852317059892,150,32.315
0,152,5.079167610587842,151,32.315
0,153,5.111482904115792,152,32.315
0,154,5.143798197643742,153,32.315
0,155,5.176113491171692,154,32.315
0,156,5.208428784699642,155,32.315
0,157,5.240744078227592,156,32.315
0,158,5.273059371755542,157,32.315
0,159,5.305374665283492,158,32.315
0,160,5.337689958811442,159,32.315
0,161,5.370005252339392,160,32.315
0,162,5.402320545867342,161,32.315
0,163,5.434635839395292,162,32.315
0,164,5.466951132923242,163,32.315
0,165,5.499266426451192,164,32.315
0,166,5.531581719979142,165,32.315
0,167,5.563897013507092,166,32.315
0,168,5.596212307035042,167,32.315
0,169,5.628527600562992,168,32.315
0,170,5.660842894090942,169,32.315
0,171,5.693158187618892,170,32.315
0,172,5.725473481146842,171,32.315
0,173,5.757788774674792,172,32.315
0,174,5.7901040682027425,173,32.315
0,175,5.8224193617306925,174,32.315
0,176,5.854734655258643,175,32.315
0,177,5.887049948786593,176,32.315
0,178,5.919365242314543,177,32.315
0,179,5.951680535842493,178,32.315
0,180,5.983995829370443,179,32.315
0,181,6.016311122898393,180,32.315
0,182,6.048626416426343,181,32.315
0,183,6.080941709954293,182,32.315
0,184,6.113257003482243,183,32.315
0,185,6.145572297010193,184,32.315
0,186,6.177887590538143,185,32.315
0,187,6.210202884066093,186,32.315
0,188,6.242518177594043,187,32.315
0,189,6.274833471121993,188,32.315
0,190,6.307148764649943,189,32.315
0,191,6.339464058177893,190,32.315
0,192,6.371779351705843,191,32.315
0,193,6.404094645233793,192,32.315
0,194,6.4363954246133375,193,32.301
0,195,6.468696203992882,194,32.301
0,196,6.500996983372426,195,32.301
0,197,6.53329776275197,196,32.301
0,198,6.565598542131514,197,32.301
0,199,6.597899321511059,198,32.301
0,200,6.630200100890603,199,32.301
0,201,6.662500880270147,200,32.301
0,202,6.694801659649691,201,32.301
0,203,6.7271024390292355,202,32.301
0,204,6.75940321840878,203,32.301
0,205,6.791703997788324,204,32.301
0,206,6.824004777167868,205,32.301
0,207,6.8563055565474125,206,32.301
0,208,6.888606335926957,207,32.301
0,209,6.920907115306501,208,32.301
0,210,6.953207894686045,209,32.301
0,211,6.985508674065589,210,32.301
0,212,7.017809453445134,211,32.301
0,213,7.050110232824678,212,32.301
0,214,7.082411012204222,213,32.301
0,215,7.114711791583766,214,32.301
0,216,7.1470125709633106,215,32.301
0,217,7.179313350342855,216,32.301
0,218,7.211614129722399,217,32.301
0,219,7.243914909101943,218,32.301
0,220,7.2762156884814875,219,32.301
0,221,7.308516467861032,220,32.301
0,222,7.340817247240576,221,32.301
0,223,7.37311802662012,222,32.301
0,224,7.405418805999664,223,32.301
0,225,7.437719585379209,224,32.301
0,226,7.470020364758753,225,32.301
0,227,7.502321144138297,226,32.301
0,228,7.534621923517841,227,32.301
0,229,7.5669227028973856,228,32.301
0,230,7.59922348227693,229,32.301
0,231,7.631524261656474,230,32.301
0,232,7.663825041036018,231,32.301
0,233,7.6961258204155625,232,32.301
0,234,7.728426599795107,233,32.301
0,235,7.760727379174651,234,32.301
0,236,7.793028158554195,235,32.301
0,237,7.825328937933739,236,32.301
0,238,7.857629717313284,237,32.301
0,239,7.889930496692828,238,32.301
0,240,7.922231276072372,239,32.301
0,241,7.954532055451916,240,32.301
0,242,7.986832834831461,241,32.301
0,243,8.019133614211004,242,32.301
0,244,8.051434393590547,243,32.301
0,245,8.08373517297009,244,32.301
0,246,8.116035952349634,245,32.301
0,247,8.148336731729177,246,32.301
0,248,8.18063751110872,247,32.301
0,249,8.212938290488264,248,32.301
0,250,8.245239069867807,249,32.301
0,251,8.27753984924735,250,32.301
0,252,8.309840628626894,251,32.301
0,253,8.342141408006437,252,32.301
0,254,8.37444218738598,253,32.301
0,255,8.406742966765524,254,32.301
0,256,8.439043746145067,255,32.301
0,257,8.47134452552461,256,32.301
0,258,8.503640542619875,257,32.296
0,259,8.53593655971514,258,32.296
0,260,8.568232576810404,259,32.296
0,261,8.600528593905668,260,32.296
0,262,8.632824611000933,261,32.296
0,263,8.665120628096197,262,32.296
0,264,8.697416645191462,263,32.296
0,265,8.729712662286726,264,32.296
0,266,8.76200867938199,265,32.296
0,267,8.794304696477255,266,32.296
0,268,8.82660071357252,267,32.296
0,269,8.858896730667784,268,32.296
0,270,8.891192747763048,269,32.296
0,271,8.923488764858313,270,32.296
0,272,8.955784781953577,271,32.296
0,273,8.988080799048841,272,32.296
0,274,9.020376816144106,273,32.296
0,275,9.05267283323937,274,32.296
0,276,9.084968850334635,275,32.296
0,277,9.117264867429899,276,32.296
0,278,9.149560884525163,277,32.296
0,279,9.181856901620428,278,32.296
0,280,9.214152918715692,279,32.296
0,281,9.246448935810957,280,32.296
0,282,9.278744952906221,281,32.296
0,283,9.311040970001486,282,32.296
0,284,9.34333698709675,283,32.296
0,285,9.375633004192014,284,32.296
0,286,9.407929021287279,285,32.296
0,287,9.440225038382543,286,32.296
0,288,9.472521055477808,287,32.296
0,289,9.504817072573072,288,32.296
0,290,9.537113089668336,289,32.296
0,291,9.569409106763601,290,32.296
0,292,9.601705123858865,291,32.296
0,293,9.63400114095413,292,32.296
0,294,9.666297158049394,293,32.296
0,295,9.698593175144659,294,32.296
0,296,9.730889192239923,295,32.296
0,297,9.763185209335187,296,32.296
0,298,9.795481226430452,297,32.296
0,299,9.827777243525716,298,32.296
0,300,9.86007326062098,299,32.296
0,301,9.892369277716245,300,32.296
0,302,9.92466529481151,301,32.296
0,303,9.956961311906774,302,32.296
0,304,9.989257329002038,303,32.296
0,305,10.021553346097303,304,32.296
0,306,10.053849363192567,305,32.296
0,307,10.086145380287832,306,32.296
0,308,10.118441397383096,307,32.296
0,309,10.15073741447836,308,32.296
0,310,10.183033431573625,309,32.296
0,311,10.21532944866889,310,32.296
0,312,10.247625465764154,311,32.296
0,313,10.279921482859418,312,32.296
0,314,10.312217499954683,313,32.296
0,315,10.344513517049947,314,32.296
0,316,10.376809534145211,315,32.296
0,317,10.409105551240476,316,32.296
0,318,10.44140156833574,317,32.296
0,319,10.473697585431005,318,32.296
0,320,10.505993602526269,319,32.296
0,321,10.538289619621533,320,32.296
0,322,10.57055518384812,321,32.266
0,323,10.602820748074706,322,32.266
0,324,10.635086312301292,323,32.266
0,325,10.667351876527878,324,32.266
0,326,10.699617440754464,325,32.266
0,327,10.73188300498105,326,32.266
0,328,10.764148569207636,327,32.266
0,329,10.796414133434222,328,32.266
0,330,10.828679697660808,329,32.266
0,331,10.860945261887395,330,32.266
0,332,10.89321082611398,331,32.266
0,333,10.925476390340567,332,32.266
0,334,10.957741954567153,333,32.266
0,335,10.990007518793739,334,32.266
0,336,11.022273083020325,335,32.266
0,337,11.054538647246911,336,32.266
0,338,11.086804211473497,337,32.266
0,339,11.119069775700083,338,32.266
0,340,11.15133533992667,339,32.266
0,341,11.183600904153256,340,32.266
0,342,11.215866468379842,341,32.266
0,343,11.248132032606428,342,32.266
0,344,11.280397596833014,343,32.266
0,345,11.3126631610596,344,32.266
0,346,11.344928725286186,345,32.266
0,347,11.377194289512772,346,32.266
0,348,11.409459853739358,347,32.266
0,349,11.441725417965944,348,32.266
0,350,11.47399098219253,349,32.266
0,351,11.506256546419117,350,32.266
0,352,11.538522110645703,351,32.266
0,353,11.570787674872289,352,32.266
0,354,11.603053239098875,353,32.266
0,355,11.635318803325461,354,32.266
0,356,11.667584367552047,355,32.266
0,357,11.699849931778633,356,32.266
0,358,11.73211549600522,357,32.266
0,359,11.764381060231806,358,32.266
0,360,11.796646624458392,359,32.266
0,361,11.828912188684978,360,32.266
0,362,11.861177752911564,361,32.266
0,363,11.89344331713815,362,32.266
0,364,11.925708881364736,363,32.266
0,365,11.957974445591322,364,32.266
0,366,11.990240009817908,365,32.266
0,367,12.022505574044494,366,32.266
0,368,12.05477113827108,367,32.266
0,369,12.087036702497667,368,32.266
0,370,12.119302266724253,369,32.266
0,371,12.151567830950839,370,32.266
0,372,12.183833395177425,371,32.266
0,373,12.216098959404011,372,32.266
0,374,12.248364523630597,373,32.266
0,375,12.280630087857183,374,32.266
0,376,12.31289565208377,375,32.266
0,377,12.345161216310355,376,32.266
0,378,12.377426780536942,377,32.266
0,379,12.409692344763528,378,32.266
0,380,12.441957908990114,379,32.266
0,381,12.4742234732167,380,32.266
0,382,12.506489037443286,381,32.266
0,383,12.538754601669872,382,32.266
0,384,12.571020165896458,383,32.266
0,385,12.603285730123044,384,32.266
0,386,12.635551556493718,385,32.266
0,387,12.667817382864392,386,32.266
0,388,12.700083209235066,387,32.266
0,389,12.73234903560574,388,32.266
0,390,12.764614861976414,389,32.266
0,391,12.796880688347088,390,32.266
0,392,12.829146514717761,391,32.266
0,393,12.861412341088435,392,32.266
0,394,12.89367816745911,393,32.266
0,395,12.925943993829783,394,32.266
0,396,12.958209820200457,395,32.266
0,397,12.99047564657113,396,32.266
0,398,13.022741472941805,397,32.266
0,399,13.055007299312479,398,32.266
0,400,13.087273125683152,399,32.266
0,401,13.119538952053826,400,32.266
0,402,13.1518047784245,401,32.266
0,403,13.184070604795174,402,32.266
0,404,13.216336431165848,403,32.266
0,405,13.248602257536522,404,32.266
0,406,13.280868083907196,405,32.266
0,407,13.31313391027787,406,32.266
0,408,13.345399736648544,407,32.266
0,409,13.377665563019217,408,32.266
0,410,13.409931389389891,409,32.266
0,411,13.442197215760565,410,32.266
0,412,13.474463042131239,411,32.266
0,413,13.506728868501913,412,32.266
0,414,13.538994694872587,413,32.266
0,415,13.57126052124326,414,32.266
0,416,13.603526347613935,415,32.266
0,417,13.635792173984608,416,32.266
0,418,13.668058000355282,417,32.266
0,419,13.700323826725956,418,32.266
0,420,13.73258965309663,419,32.266
0,421,13.764855479467304,420,32.266
0,422,13.797121305837978,421,32.266
0,423,13.829387132208652,422,32.266
0,424,13.861652958579326,423,32.266
0,425,13.89391878495,424,32.266
0,426,13.926184611320673,425,32.266
0,427,13.958450437691347,426,32.266
0,428,13.990716264062021,427,32.266
0,429,14.022982090432695,428,32.266
0,430,14.055247916803369,429,32.266
0,431,14.087513743174043,430,32.266
0,432,14.119779569544717,431,32.266
0,433,14.15204539591539,432,32.266
0,434,14.184311222286064,433,32.266
0,435,14.216577048656738,434,32.266
0,436,14.248842875027412,435,32.266
0,437,14.281108701398086,436,32.266
0,438,14.31337452776876,437,32.266
0,439,14.345640354139434,438,32.266
0,440,14.377906180510108,439,32.266
0,441,14.410172006880781,440,32.266
0,442,14.442437833251455,441,32.266
0,443,14.47470365962213,442,32.266
0,444,14.506969485992803,443,32.266
0,445,14.539235312363477,444,32.266
0,446,14.57150113873415,445,32.266
0,447,14.603766965104825,446,32.266
0,448,14.636032791475499,447,32.266
0,449,14.668298617846173,448,32.266
0,450,14.700607015324909,449,32.308
0,451,14.732915412803646,450,32.308
0,452,14.765223810282382,451,32.308
0,453,14.797532207761119,452,32.308
0,454,14.829840605239855,453,32.308
0,455,14.862149002718592,454,32.308
0,456,14.894457400197329,455,32.308
0,457,14.926765797676065,456,32.308
0,458,14.959074195154802,457,32.308
0,459,14.991382592633538,458,32.308
0,460,15.023690990112275,459,32.308
0,461,15.055999387591012,460,32.308
0,462,15.088307785069748,461,32.308
0,463,15.120616182548485,462,32.308
0,464,15.152924580027221,463,32.308
0,465,15.185232977505958,464,32.308
0,466,15.217541374984695,465,32.308
0,467,15.249849772463431,466,32.308
0,468,15.282158169942168,467,32.308
0,469,15.314466567420904,468,32.308
0,470,15.346774964899641,469,32.308
0,471,15.379083362378378,470,32.308
0,472,15.411391759857114,471,32.308
0,473,15.44370015733585,472,32.308
0,474,15.476008554814587,473,32.308
0,475,15.508316952293324,474,32.308
0,476,15.54062534977206,475,32.308
0,477,15.572933747250797,476,32.308
0,478,15.605242144729534,477,32.308
0,479,15.63755054220827,478,32.308
0,480,15.669858939687007,479,32.308
0,481,15.702167337165744,480,32.308
0,482,15.73447573464448,481,32.308
0,483,15.766784132123217,482,32.308
0,484,15.799092529601953,483,32.308
0,485,15.83140092708069,484,32.308
0,486,15.863709324559427,485,32.308
0,487,15.896017722038163,486,32.308
0,488,15.9283261195169,487,32.308
0,489,15.960634516995636,488,32.308
0,490,15.992942914474373,489,32.308
0,491,16.02525131195311,490,32.308
0,492,16.057559709431846,491,32.308
0,493,16.089868106910583,492,32.308
0,494,16.12217650438932,493,32.308
0,495,16.154484901868056,494,32.308
0,496,16.186793299346792,495,32.308
0,497,16.21910169682553,496,32.308
0,498,16.251410094304266,497,32.308
0,499,16.283718491783002,498,32.308
0,500,16.31602688926174,499,32.308
0,501,16.348335286740475,500,32.308
0,502,16.380643684219212,501,32.308
0,503,16.41295208169795,502,32.308
0,504,16.445260479176685,503,32.308
0,505,16.477568876655422,504,32.308
0,506,16.50987727413416,505,32.308
0,507,16.542185671612895,506,32.308
0,508,16.57449406909163,507,32.308
0,509,16.606802466570368,508,32.308
0,510,16.639110864049105,509,32.308
0,511,16.67141926152784,510,32.308
0,512,16.703727659006578,511,32.308
