cdf,request_execution_plus_preemption_time_normalized
0.0,0.032756101488215936
0.01,0.03278254425613635
0.02,0.03280898702405677
0.03,0.03283542979197718
0.04,0.032861872559897594
0.05,0.03288831532781801
0.06,0.032914758095738426
0.07,0.03294120086365884
0.08,0.03296764363157926
0.09,0.03299408639949967
0.1,0.033020529167420085
0.11,0.0330469719353405
0.12,0.03307341470326092
0.13,0.03309985747118133
0.14,0.03312630023910174
0.15,0.03315274300702216
0.16,0.033179185774942575
0.17,0.03320562854286299
0.18,0.03323207131078341
0.19,0.033258514078703824
0.2,0.033284956846624233
0.21,0.03331139961454465
0.22,0.033337842382465066
0.23,0.03336428515038548
0.24,0.0333907279183059
0.25,0.03341717068622631
0.26,0.033443613454146724
0.27,0.03347005622206714
0.28,0.03349649898998756
0.29,0.03352294175790797
0.3,0.03354938452582839
0.31,0.0335758272937488
0.32,0.033602270061669215
0.33,0.03362871282958963
0.34,0.03365515559751005
0.35000000000000003,0.033681598365430464
0.36,0.03370804113335088
0.37,0.03373448390127129
0.38,0.033760926669191706
0.39,0.03378736943711212
0.4,0.03381381220503254
0.41000000000000003,0.033840254972952954
0.42,0.033866697740873364
0.43,0.03389314050879378
0.44,0.033919583276714196
0.45,0.03394602604463461
0.46,0.03397246881255503
0.47000000000000003,0.033998911580475445
0.48,0.034025354348395855
0.49,0.03405179711631627
0.5,0.03407823988423669
0.51,0.0341046826521571
0.52,0.03413112542007752
0.53,0.03415756818799793
0.54,0.034184010955918345
0.55,0.03421045372383876
0.56,0.03423689649175918
0.5700000000000001,0.034263339259679594
0.58,0.03428978202760001
0.59,0.03431622479552042
0.6,0.034342667563440836
0.61,0.03436911033136125
0.62,0.03439555309928167
0.63,0.034421995867202085
0.64,0.034448438635122494
0.65,0.03447488140304291
0.66,0.03450132417096333
0.67,0.03452776693888374
0.68,0.03455420970680416
0.6900000000000001,0.034580652474724576
0.7000000000000001,0.034607095242644985
0.71,0.0346335380105654
0.72,0.03465998077848582
0.73,0.034686423546406234
0.74,0.03471286631432665
0.75,0.034739309082247066
0.76,0.034765751850167476
0.77,0.03479219461808789
0.78,0.03481863738600831
0.79,0.034845080153928724
0.8,0.03487152292184914
0.81,0.03489796568976955
0.8200000000000001,0.034924408457689966
0.8300000000000001,0.03495085122561038
0.84,0.0349772939935308
0.85,0.035003736761451215
0.86,0.03503017952937163
0.87,0.03505662229729204
0.88,0.03508306506521246
0.89,0.03510950783313287
0.9,0.03513595060105329
0.91,0.035162393368973706
0.92,0.035188836136894115
0.93,0.03521527890481453
0.9400000000000001,0.03524172167273495
0.9500000000000001,0.035268164440655364
0.96,0.03529460720857578
0.97,0.0353210499764962
0.98,0.035347492744416606
0.99,0.03537393551233702
1.0,0.03540037828025744
