Request Id,request_execution_plus_preemption_time_normalized
0,0.032492656994459954
1,0.032492656994459954
2,0.032492656994459954
3,0.032492656994459954
4,0.032492656994459954
5,0.032492656994459954
6,0.032492656994459954
7,0.032492656994459954
8,0.032492656994459954
9,0.032492656994459954
10,0.032492656994459954
11,0.032492656994459954
12,0.032492656994459954
13,0.032492656994459954
14,0.032492656994459954
15,0.032492656994459954
16,0.032492656994459954
17,0.032492656994459954
18,0.032492656994459954
19,0.032492656994459954
20,0.032492656994459954
21,0.032492656994459954
22,0.032492656994459954
23,0.032492656994459954
24,0.032492656994459954
25,0.032492656994459954
26,0.032492656994459954
27,0.032492656994459954
28,0.032492656994459954
29,0.032492656994459954
30,0.032492656994459954
31,0.032492656994459954
32,0.032492656994459954
33,0.032492656994459954
34,0.032492656994459954
35,0.032492656994459954
36,0.032492656994459954
37,0.032492656994459954
38,0.032492656994459954
39,0.032492656994459954
40,0.032492656994459954
41,0.032492656994459954
42,0.032492656994459954
43,0.032492656994459954
44,0.032492656994459954
45,0.032492656994459954
46,0.032492656994459954
47,0.032492656994459954
48,0.032492656994459954
49,0.032492656994459954
50,0.032492656994459954
51,0.032492656994459954
52,0.032492656994459954
53,0.032492656994459954
54,0.032492656994459954
55,0.032492656994459954
56,0.032492656994459954
57,0.032492656994459954
58,0.032492656994459954
59,0.032492656994459954
60,0.032492656994459954
61,0.032492656994459954
62,0.032492656994459954
63,0.032492656994459954
