cdf,batch_num_decode_tokens,replica
0.0,0.0,0
0.01,4.014835333028612,0
0.02,4.014835333028612,0
0.03,4.014835333028612,0
0.04,4.014835333028612,0
0.05,4.014835333028612,0
0.06,4.014835333028612,0
0.07,4.014835333028612,0
0.08,4.014835333028612,0
0.09,4.014835333028612,0
0.1,4.014835333028612,0
0.11,4.014835333028612,0
0.12,4.014835333028612,0
0.13,4.014835333028612,0
0.14,4.014835333028612,0
0.15,4.014835333028612,0
0.16,4.014835333028612,0
0.17,4.014835333028612,0
0.18,4.014835333028612,0
0.19,4.014835333028612,0
0.2,4.014835333028612,0
0.21,4.014835333028612,0
0.22,4.014835333028612,0
0.23,4.014835333028612,0
0.24,4.014835333028612,0
0.25,4.014835333028612,0
0.26,4.014835333028612,0
0.27,4.014835333028612,0
0.28,4.014835333028612,0
0.29,4.014835333028612,0
0.3,4.014835333028612,0
0.31,4.014835333028612,0
0.32,4.014835333028612,0
0.33,4.014835333028612,0
0.34,4.014835333028612,0
0.35000000000000003,4.014835333028612,0
0.36,4.014835333028612,0
0.37,4.014835333028612,0
0.38,4.014835333028612,0
0.39,4.014835333028612,0
0.4,4.014835333028612,0
0.41000000000000003,4.014835333028612,0
0.42,4.014835333028612,0
0.43,4.014835333028612,0
0.44,4.014835333028612,0
0.45,4.014835333028612,0
0.46,4.014835333028612,0
0.47000000000000003,4.014835333028612,0
0.48,4.014835333028612,0
0.49,4.014835333028612,0
0.5,4.014835333028612,0
0.51,4.014835333028612,0
0.52,4.014835333028612,0
0.53,4.014835333028612,0
0.54,4.014835333028612,0
0.55,4.014835333028612,0
0.56,4.014835333028612,0
0.5700000000000001,4.014835333028612,0
0.58,4.014835333028612,0
0.59,4.014835333028612,0
0.6,4.014835333028612,0
0.61,4.014835333028612,0
0.62,4.014835333028612,0
0.63,4.014835333028612,0
0.64,4.014835333028612,0
0.65,4.014835333028612,0
0.66,4.014835333028612,0
0.67,4.014835333028612,0
0.68,4.014835333028612,0
0.6900000000000001,4.014835333028612,0
0.7000000000000001,4.014835333028612,0
0.71,4.014835333028612,0
0.72,4.014835333028612,0
0.73,4.014835333028612,0
0.74,4.014835333028612,0
0.75,4.014835333028612,0
0.76,4.014835333028612,0
0.77,4.014835333028612,0
0.78,4.014835333028612,0
0.79,4.014835333028612,0
0.8,4.014835333028612,0
0.81,4.014835333028612,0
0.8200000000000001,4.014835333028612,0
0.8300000000000001,4.014835333028612,0
0.84,4.014835333028612,0
0.85,4.014835333028612,0
0.86,4.014835333028612,0
0.87,4.014835333028612,0
0.88,4.014835333028612,0
0.89,4.014835333028612,0
0.9,4.014835333028612,0
0.91,4.014835333028612,0
0.92,4.014835333028612,0
0.93,4.014835333028612,0
0.9400000000000001,4.014835333028612,0
0.9500000000000001,4.014835333028612,0
0.96,4.014835333028612,0
0.97,4.014835333028612,0
0.98,4.014835333028612,0
0.99,4.014835333028612,0
1.0,4.014835333028612,0
