cdf,request_model_execution_time_normalized
0.0,0.03286953362510923
0.01,0.03295094025425894
0.02,0.03303234688340865
0.03,0.03311375351255836
0.04,0.03319516014170807
0.05,0.03327656677085778
0.06,0.03335797340000749
0.07,0.0334393800291572
0.08,0.03352078665830691
0.09,0.03360219328745662
0.1,0.033683599916606334
0.11,0.033765006545756045
0.12,0.033846413174905755
0.13,0.033927819804055466
0.14,0.03400922643320518
0.15,0.03409063306235489
0.16,0.0341720396915046
0.17,0.03425344632065431
0.18,0.03433485294980402
0.19,0.03441625957895373
0.2,0.03449766620810344
0.21,0.03457907283725315
0.22,0.03466047946640286
0.23,0.03474188609555257
0.24,0.03482329272470228
0.25,0.034904699353851994
0.26,0.034986105983001704
0.27,0.035067512612151415
0.28,0.035148919241301126
0.29,0.035230325870450836
0.3,0.03531173249960055
0.31,0.03539313912875026
0.32,0.03547454575789997
0.33,0.03555595238704968
0.34,0.03563735901619939
0.35000000000000003,0.0357187656453491
0.36,0.03580017227449881
0.37,0.03588157890364852
0.38,0.03596298553279823
0.39,0.03604439216194794
0.4,0.03612579879109765
0.41000000000000003,0.036207205420247364
0.42,0.036288612049397075
0.43,0.036370018678546785
0.44,0.036451425307696496
0.45,0.036532831936846206
0.46,0.03661423856599592
0.47000000000000003,0.03669564519514563
0.48,0.03677705182429534
0.49,0.03685845845344505
0.5,0.03693986508259476
0.51,0.03702127171174447
0.52,0.03710267834089418
0.53,0.03718408497004389
0.54,0.0372654915991936
0.55,0.03734689822834331
0.56,0.037428304857493024
0.5700000000000001,0.037509711486642734
0.58,0.037591118115792445
0.59,0.037672524744942155
0.6,0.037753931374091866
0.61,0.03783533800324158
0.62,0.03791674463239129
0.63,0.037998151261541
0.64,0.03807955789069071
0.65,0.03816096451984042
0.66,0.03824237114899013
0.67,0.03832377777813984
0.68,0.03840518440728955
0.6900000000000001,0.03848659103643926
0.7000000000000001,0.03856799766558897
0.71,0.03864940429473868
0.72,0.038730810923888394
0.73,0.038812217553038104
0.74,0.038893624182187815
0.75,0.038975030811337526
0.76,0.039056437440487236
0.77,0.03913784406963695
0.78,0.03921925069878666
0.79,0.03930065732793637
0.8,0.03938206395708608
0.81,0.03946347058623579
0.8200000000000001,0.0395448772153855
0.8300000000000001,0.03962628384453521
0.84,0.03970769047368492
0.85,0.03978909710283463
0.86,0.03987050373198434
0.87,0.03995191036113405
0.88,0.040033316990283764
0.89,0.040114723619433475
0.9,0.040196130248583185
0.91,0.040277536877732896
0.92,0.04035894350688261
0.93,0.04044035013603232
0.9400000000000001,0.04052175676518203
0.9500000000000001,0.04060316339433174
0.96,0.04068457002348145
0.97,0.04076597665263116
0.98,0.04084738328178087
0.99,0.04092878991093058
1.0,0.04101019654008029
