cdf,prefill_e2e_time
0.0,0.39334658075352574
0.01,0.39334658075352574
0.02,0.39334658075352574
0.03,0.39334658075352574
0.04,0.39334658075352574
0.05,0.39334658075352574
0.06,0.39334658075352574
0.07,0.39334658075352574
0.08,0.39334658075352574
0.09,0.39334658075352574
0.1,0.39334658075352574
0.11,0.39334658075352574
0.12,0.39334658075352574
0.13,0.39334658075352574
0.14,0.39334658075352574
0.15,0.39334658075352574
0.16,0.39334658075352574
0.17,0.39334658075352574
0.18,0.39334658075352574
0.19,0.39334658075352574
0.2,0.39334658075352574
0.21,0.39334658075352574
0.22,0.39334658075352574
0.23,0.39334658075352574
0.24,0.39334658075352574
0.25,0.39334658075352574
0.26,0.39334658075352574
0.27,0.39334658075352574
0.28,0.39334658075352574
0.29,0.39334658075352574
0.3,0.39334658075352574
0.31,0.39334658075352574
0.32,0.39334658075352574
0.33,0.39334658075352574
0.34,0.39334658075352574
0.35000000000000003,0.39334658075352574
0.36,0.39334658075352574
0.37,0.39334658075352574
0.38,0.39334658075352574
0.39,0.39334658075352574
0.4,0.39334658075352574
0.41000000000000003,0.39334658075352574
0.42,0.39334658075352574
0.43,0.39334658075352574
0.44,0.39334658075352574
0.45,0.39334658075352574
0.46,0.39334658075352574
0.47000000000000003,0.39334658075352574
0.48,0.39334658075352574
0.49,0.39334658075352574
0.5,0.39334658075352574
0.51,0.39334658075352574
0.52,0.39334658075352574
0.53,0.39334658075352574
0.54,0.39334658075352574
0.55,0.39334658075352574
0.56,0.39334658075352574
0.5700000000000001,0.39334658075352574
0.58,0.39334658075352574
0.59,0.39334658075352574
0.6,0.39334658075352574
0.61,0.39334658075352574
0.62,0.39334658075352574
0.63,0.39334658075352574
0.64,0.39334658075352574
0.65,0.39334658075352574
0.66,0.39334658075352574
0.67,0.39334658075352574
0.68,0.39334658075352574
0.6900000000000001,0.39334658075352574
0.7000000000000001,0.39334658075352574
0.71,0.39334658075352574
0.72,0.39334658075352574
0.73,0.39334658075352574
0.74,0.39334658075352574
0.75,0.39334658075352574
0.76,0.39334658075352574
0.77,0.39334658075352574
0.78,0.39334658075352574
0.79,0.39334658075352574
0.8,0.39334658075352574
0.81,0.39334658075352574
0.8200000000000001,0.39334658075352574
0.8300000000000001,0.39334658075352574
0.84,0.39334658075352574
0.85,0.39334658075352574
0.86,0.39334658075352574
0.87,0.39334658075352574
0.88,0.39334658075352574
0.89,0.39334658075352574
0.9,0.39334658075352574
0.91,0.39334658075352574
0.92,0.39334658075352574
0.93,0.39334658075352574
0.9400000000000001,0.39334658075352574
0.9500000000000001,0.39334658075352574
0.96,0.39334658075352574
0.97,0.39334658075352574
0.98,0.39334658075352574
0.99,0.39334658075352574
1.0,0.39334658075352574
