cdf,request_scheduling_delay
0.0,0.0
0.01,4.821231337082566e-05
0.02,9.642462674165132e-05
0.03,0.00014463694011247695
0.04,0.00019284925348330264
0.05,0.0002410615668541283
0.06,0.0002892738802249539
0.07,0.0003374861935957796
0.08,0.00038569850696660527
0.09,0.0004339108203374309
0.1,0.0004821231337082566
0.11,0.0005303354470790822
0.12,0.0005785477604499078
0.13,0.0006267600738207336
0.14,0.0006749723871915592
0.15,0.0007231847005623848
0.16,0.0007713970139332105
0.17,0.0008196093273040362
0.18,0.0008678216406748618
0.19,0.0009160339540456874
0.2,0.0009642462674165132
0.21,0.0010124585807873387
0.22,0.0010606708941581645
0.23,0.00110888320752899
0.24,0.0011570955208998156
0.25,0.0012053078342706414
0.26,0.0012535201476414671
0.27,0.0013017324610122927
0.28,0.0013499447743831185
0.29,0.0013981570877539438
0.3,0.0014463694011247696
0.31,0.0014945817144955953
0.32,0.001542794027866421
0.33,0.0015910063412372466
0.34,0.0016392186546080724
0.35000000000000003,0.0016874309679788977
0.36,0.0017356432813497235
0.37,0.0017838555947205493
0.38,0.0018320679080913748
0.39,0.0018802802214622006
0.4,0.0019284925348330264
0.41000000000000003,0.001976704848203852
0.42,0.0020249171615746775
0.43,0.002073129474945503
0.44,0.002121341788316329
0.45,0.0021695541016871545
0.46,0.00221776641505798
0.47000000000000003,0.0022659787284288056
0.48,0.002314191041799631
0.49,0.002362403355170457
0.5,0.0024106156685412827
0.51,0.0024588279819121083
0.52,0.0025070402952829343
0.53,0.00255525260865376
0.54,0.0026034649220245854
0.55,0.0026516772353954114
0.56,0.002699889548766237
0.5700000000000001,0.0027481018621370625
0.58,0.0027963141755078876
0.59,0.0028445264888787136
0.6,0.002892738802249539
0.61,0.0029409511156203647
0.62,0.0029891634289911906
0.63,0.003037375742362016
0.64,0.003085588055732842
0.65,0.0031338003691036677
0.66,0.0031820126824744933
0.67,0.003230224995845319
0.68,0.003278437309216145
0.6900000000000001,0.00332664962258697
0.7000000000000001,0.0033748619359577955
0.71,0.003423074249328621
0.72,0.003471286562699447
0.73,0.003519498876070273
0.74,0.0035677111894410985
0.75,0.003615923502811924
0.76,0.0036641358161827496
0.77,0.003712348129553575
0.78,0.003760560442924401
0.79,0.003808772756295227
0.8,0.0038569850696660527
0.81,0.0039051973830368783
0.8200000000000001,0.003953409696407704
0.8300000000000001,0.004001622009778529
0.84,0.004049834323149355
0.85,0.0040980466365201805
0.86,0.004146258949891006
0.87,0.004194471263261832
0.88,0.004242683576632658
0.89,0.0042908958900034835
0.9,0.004339108203374309
0.91,0.004387320516745135
0.92,0.00443553283011596
0.93,0.004483745143486786
0.9400000000000001,0.004531957456857611
0.9500000000000001,0.004580169770228437
0.96,0.004628382083599262
0.97,0.004676594396970088
0.98,0.004724806710340914
0.99,0.00477301902371174
1.0,0.0048212313370825655
